Q1-match_id,Q2-player1,Q3-player2,Q4-elapsed_time,Q5-set_no,Q6-game_no,Q7-point_no,Q8-p1_sets,Q9-p2_sets,Q10-p1_games,Q11-p2_games,Q12-p1_score,Q13-p2_score,Q14-server,Q15-serve_no,Q16-point_victor,Q17-p1_points_won,Q18-p2_points_won,Q19-game_victor,Q20-set_victor,Q21-p1_ace,Q22-p2_ace,Q23-p1_winner,Q24-p2_winner,Q25-winner_shot_type,Q26-p1_double_fault,Q27-p2_double_fault,Q28-p1_unf_err,Q29-p2_unf_err,Q30-p1_net_pt,Q31-p2_net_pt,Q32-p1_net_pt_won,Q33-p2_net_pt_won,Q34-p1_break_pt,Q35-p2_break_pt,Q36-p1_break_pt_won,Q37-p2_break_pt_won,Q38-p1_break_pt_missed,Q39-p2_break_pt_missed,Q40-p1_distance_run,Q41-p2_distance_run,Q42-rally_count,Q43-speed_mph,Q44-serve_width,Q45-serve_depth,Q46-return_depth
13.0,13.0,13.0,1.0,1.0,1.0,1.0,0.0,0.0,0.0,0.0,1.0,1.0,2.0,2.0,2.0,0.0,1.0,0.0,0.0,0.0,0.0,0.0,0.0,1.0,0.0,0.0,0.0,0.0,0.0,0.0,0.0,0.0,0.0,0.0,0.0,0.0,0.0,0.0,4.279,3.05,1.0,99.0,1.0,1.0,1.0
13.0,13.0,13.0,2198.0,1.0,1.0,4.0,0.0,0.0,0.0,0.0,1.0,4.0,2.0,2.0,2.0,0.0,4.0,2.0,0.0,0.0,0.0,0.0,0.0,1.0,0.0,0.0,0.0,0.0,0.0,0.0,0.0,0.0,0.0,0.0,0.0,0.0,0.0,0.0,3.671,4.228,1.0,98.0,2.0,1.0,2.0
13.0,13.0,13.0,2199.0,1.0,2.0,6.0,0.0,0.0,0.0,1.0,1.0,2.0,1.0,1.0,1.0,1.0,5.0,0.0,0.0,0.0,0.0,1.0,0.0,2.0,0.0,0.0,0.0,0.0,0.0,0.0,0.0,0.0,0.0,0.0,0.0,0.0,0.0,0.0,10.118,9.684,3.0,116.0,5.0,1.0,1.0
13.0,13.0,13.0,2200.0,1.0,2.0,7.0,0.0,0.0,0.0,1.0,2.0,2.0,1.0,2.0,1.0,2.0,5.0,0.0,0.0,0.0,0.0,0.0,0.0,1.0,0.0,0.0,0.0,1.0,0.0,0.0,0.0,0.0,0.0,0.0,0.0,0.0,0.0,0.0,2.725,3.234,1.0,88.0,1.0,1.0,1.0
13.0,13.0,13.0,2201.0,1.0,2.0,8.0,0.0,0.0,0.0,1.0,5.0,2.0,1.0,2.0,1.0,3.0,5.0,0.0,0.0,0.0,0.0,0.0,0.0,1.0,0.0,0.0,0.0,0.0,0.0,0.0,0.0,0.0,0.0,0.0,0.0,0.0,0.0,0.0,22.64,24.526,7.0,96.0,1.0,2.0,1.0
13.0,13.0,13.0,2202.0,1.0,2.0,9.0,0.0,0.0,0.0,1.0,3.0,2.0,1.0,2.0,2.0,3.0,6.0,0.0,0.0,0.0,0.0,0.0,0.0,1.0,0.0,0.0,0.0,0.0,0.0,0.0,0.0,0.0,0.0,0.0,0.0,0.0,0.0,0.0,22.184,19.289,6.0,83.0,2.0,1.0,2.0
13.0,13.0,13.0,2203.0,1.0,2.0,10.0,0.0,0.0,0.0,1.0,3.0,3.0,1.0,1.0,1.0,4.0,6.0,1.0,0.0,0.0,0.0,0.0,0.0,1.0,0.0,0.0,0.0,0.0,0.0,0.0,0.0,0.0,0.0,0.0,0.0,0.0,0.0,0.0,4.852,5.808,1.0,116.0,4.0,2.0,1.0
13.0,13.0,13.0,1393.0,1.0,3.0,11.0,0.0,0.0,1.0,1.0,1.0,1.0,2.0,1.0,1.0,5.0,6.0,0.0,0.0,0.0,0.0,0.0,0.0,1.0,0.0,0.0,0.0,0.0,0.0,0.0,0.0,0.0,0.0,0.0,0.0,0.0,0.0,0.0,10.438,7.279,2.0,104.0,3.0,1.0,2.0
13.0,13.0,13.0,2204.0,1.0,3.0,14.0,0.0,0.0,1.0,1.0,2.0,3.0,2.0,2.0,2.0,5.0,9.0,0.0,0.0,0.0,0.0,0.0,0.0,1.0,0.0,0.0,0.0,0.0,0.0,0.0,0.0,0.0,0.0,0.0,0.0,0.0,0.0,0.0,5.631,3.611,1.0,92.0,4.0,2.0,1.0
13.0,13.0,13.0,11.0,1.0,3.0,15.0,0.0,0.0,1.0,1.0,2.0,4.0,2.0,1.0,2.0,5.0,10.0,2.0,0.0,0.0,0.0,0.0,0.0,1.0,0.0,0.0,0.0,0.0,0.0,0.0,0.0,0.0,0.0,0.0,0.0,0.0,0.0,0.0,5.312,4.642,1.0,122.0,2.0,1.0,2.0
13.0,13.0,13.0,2205.0,1.0,4.0,16.0,0.0,0.0,1.0,2.0,1.0,1.0,1.0,1.0,1.0,6.0,10.0,0.0,0.0,0.0,0.0,0.0,0.0,1.0,0.0,0.0,0.0,0.0,0.0,0.0,0.0,0.0,0.0,0.0,0.0,0.0,0.0,0.0,4.127,5.716,1.0,115.0,5.0,1.0,1.0
13.0,13.0,13.0,2206.0,1.0,4.0,17.0,0.0,0.0,1.0,2.0,2.0,1.0,1.0,1.0,1.0,7.0,10.0,0.0,0.0,0.0,0.0,1.0,0.0,2.0,0.0,0.0,0.0,0.0,0.0,0.0,0.0,0.0,0.0,0.0,0.0,0.0,0.0,0.0,6.512,9.942,3.0,116.0,4.0,1.0,1.0
13.0,13.0,13.0,2207.0,1.0,4.0,18.0,0.0,0.0,1.0,2.0,5.0,1.0,1.0,1.0,1.0,8.0,10.0,0.0,0.0,0.0,0.0,0.0,0.0,1.0,0.0,0.0,0.0,0.0,0.0,0.0,0.0,0.0,0.0,0.0,0.0,0.0,0.0,0.0,3.017,4.509,1.0,111.0,4.0,1.0,1.0
13.0,13.0,13.0,2208.0,1.0,4.0,19.0,0.0,0.0,1.0,2.0,3.0,1.0,1.0,1.0,2.0,8.0,11.0,0.0,0.0,0.0,0.0,0.0,0.0,1.0,0.0,0.0,1.0,0.0,0.0,0.0,0.0,0.0,0.0,0.0,0.0,0.0,0.0,0.0,6.995,8.466,2.0,104.0,1.0,1.0,1.0
13.0,13.0,13.0,2209.0,1.0,4.0,20.0,0.0,0.0,1.0,2.0,3.0,2.0,1.0,1.0,1.0,9.0,11.0,1.0,0.0,0.0,0.0,1.0,0.0,2.0,0.0,0.0,0.0,0.0,1.0,0.0,1.0,0.0,0.0,0.0,0.0,0.0,0.0,0.0,48.046,46.277,13.0,124.0,5.0,1.0,2.0
13.0,13.0,13.0,971.0,1.0,5.0,21.0,0.0,0.0,2.0,2.0,1.0,1.0,2.0,1.0,2.0,9.0,12.0,0.0,0.0,0.0,0.0,0.0,1.0,2.0,0.0,0.0,0.0,0.0,0.0,1.0,0.0,1.0,0.0,0.0,0.0,0.0,0.0,0.0,14.266,15.603,5.0,113.0,4.0,2.0,1.0
13.0,13.0,13.0,2210.0,1.0,5.0,22.0,0.0,0.0,2.0,2.0,1.0,2.0,2.0,2.0,1.0,10.0,12.0,0.0,0.0,0.0,0.0,0.0,0.0,1.0,0.0,0.0,0.0,0.0,1.0,0.0,1.0,0.0,0.0,0.0,0.0,0.0,0.0,0.0,15.136,15.074,4.0,106.0,1.0,1.0,2.0
13.0,13.0,13.0,2211.0,1.0,5.0,23.0,0.0,0.0,2.0,2.0,2.0,2.0,2.0,2.0,1.0,11.0,12.0,0.0,0.0,0.0,0.0,1.0,0.0,2.0,0.0,0.0,0.0,0.0,0.0,1.0,0.0,0.0,0.0,0.0,0.0,0.0,0.0,0.0,10.153,11.442,4.0,103.0,5.0,1.0,1.0
13.0,13.0,13.0,426.0,1.0,5.0,24.0,0.0,0.0,2.0,2.0,5.0,2.0,2.0,1.0,2.0,11.0,13.0,0.0,0.0,0.0,0.0,0.0,1.0,2.0,0.0,0.0,0.0,0.0,0.0,1.0,0.0,1.0,0.0,0.0,0.0,0.0,0.0,0.0,9.728,10.783,3.0,124.0,4.0,1.0,1.0
13.0,13.0,13.0,2212.0,1.0,5.0,25.0,0.0,0.0,2.0,2.0,5.0,3.0,2.0,1.0,2.0,11.0,14.0,0.0,0.0,0.0,0.0,0.0,0.0,1.0,0.0,0.0,0.0,0.0,0.0,0.0,0.0,0.0,0.0,0.0,0.0,0.0,0.0,0.0,4.013,4.482,1.0,119.0,5.0,1.0,1.0
13.0,13.0,13.0,2213.0,1.0,5.0,26.0,0.0,0.0,2.0,2.0,5.0,4.0,2.0,1.0,2.0,11.0,15.0,2.0,0.0,0.0,0.0,0.0,0.0,1.0,0.0,0.0,0.0,0.0,0.0,1.0,0.0,1.0,0.0,0.0,0.0,0.0,0.0,0.0,12.876,15.237,3.0,126.0,4.0,2.0,1.0
13.0,13.0,13.0,1406.0,1.0,6.0,27.0,0.0,0.0,2.0,3.0,1.0,1.0,1.0,2.0,1.0,12.0,15.0,0.0,0.0,0.0,0.0,0.0,0.0,1.0,0.0,0.0,0.0,1.0,0.0,0.0,0.0,0.0,0.0,0.0,0.0,0.0,0.0,0.0,15.631,12.104,3.0,89.0,5.0,1.0,1.0
13.0,13.0,13.0,2214.0,1.0,6.0,28.0,0.0,0.0,2.0,3.0,2.0,1.0,1.0,2.0,1.0,13.0,15.0,0.0,0.0,0.0,0.0,1.0,0.0,3.0,0.0,0.0,0.0,0.0,1.0,0.0,1.0,0.0,0.0,0.0,0.0,0.0,0.0,0.0,37.223,35.455,9.0,89.0,4.0,2.0,1.0
13.0,13.0,13.0,2215.0,1.0,6.0,29.0,0.0,0.0,2.0,3.0,5.0,1.0,1.0,2.0,1.0,14.0,15.0,0.0,0.0,0.0,0.0,0.0,0.0,1.0,0.0,0.0,0.0,1.0,0.0,0.0,0.0,0.0,0.0,0.0,0.0,0.0,0.0,0.0,9.118,9.176,1.0,89.0,1.0,1.0,1.0
13.0,13.0,13.0,1410.0,1.0,6.0,30.0,0.0,0.0,2.0,3.0,3.0,1.0,1.0,1.0,1.0,15.0,15.0,1.0,0.0,0.0,0.0,0.0,0.0,1.0,0.0,0.0,0.0,0.0,0.0,0.0,0.0,0.0,0.0,0.0,0.0,0.0,0.0,0.0,9.203,7.884,1.0,110.0,4.0,2.0,2.0
13.0,13.0,13.0,2091.0,1.0,7.0,31.0,0.0,0.0,3.0,3.0,1.0,1.0,2.0,2.0,2.0,15.0,16.0,0.0,0.0,0.0,0.0,0.0,1.0,2.0,0.0,0.0,0.0,0.0,0.0,0.0,0.0,0.0,0.0,0.0,0.0,0.0,0.0,0.0,64.701,46.853,13.0,92.0,1.0,1.0,1.0
13.0,13.0,13.0,272.0,1.0,7.0,32.0,0.0,0.0,3.0,3.0,1.0,2.0,2.0,2.0,2.0,15.0,17.0,0.0,0.0,0.0,0.0,0.0,0.0,1.0,0.0,0.0,0.0,0.0,0.0,0.0,0.0,0.0,0.0,0.0,0.0,0.0,0.0,0.0,5.13,3.66,1.0,88.0,3.0,1.0,1.0
13.0,13.0,13.0,2216.0,1.0,7.0,33.0,0.0,0.0,3.0,3.0,1.0,3.0,2.0,1.0,1.0,16.0,17.0,0.0,0.0,0.0,0.0,0.0,0.0,1.0,0.0,0.0,0.0,1.0,0.0,1.0,0.0,0.0,0.0,0.0,0.0,0.0,0.0,0.0,8.805,10.567,2.0,127.0,1.0,1.0,1.0
13.0,13.0,13.0,27.0,1.0,7.0,34.0,0.0,0.0,3.0,3.0,2.0,3.0,2.0,1.0,2.0,16.0,18.0,0.0,0.0,0.0,0.0,0.0,0.0,1.0,0.0,0.0,0.0,0.0,0.0,1.0,0.0,1.0,0.0,0.0,0.0,0.0,0.0,0.0,35.948,28.273,7.0,118.0,5.0,1.0,1.0
13.0,13.0,13.0,2217.0,1.0,7.0,35.0,0.0,0.0,3.0,3.0,2.0,4.0,2.0,1.0,2.0,16.0,19.0,2.0,0.0,0.0,0.0,0.0,0.0,1.0,0.0,0.0,0.0,0.0,0.0,0.0,0.0,0.0,0.0,0.0,0.0,0.0,0.0,0.0,4.327,2.835,1.0,130.0,5.0,2.0,1.0
13.0,13.0,13.0,2218.0,1.0,8.0,36.0,0.0,0.0,3.0,4.0,1.0,1.0,1.0,1.0,1.0,17.0,19.0,0.0,0.0,0.0,0.0,0.0,0.0,1.0,0.0,0.0,0.0,0.0,0.0,0.0,0.0,0.0,0.0,0.0,0.0,0.0,0.0,0.0,4.32,4.699,1.0,101.0,3.0,1.0,2.0
13.0,13.0,13.0,2219.0,1.0,8.0,37.0,0.0,0.0,3.0,4.0,2.0,1.0,1.0,1.0,1.0,18.0,19.0,0.0,0.0,0.0,0.0,0.0,0.0,1.0,0.0,0.0,0.0,1.0,0.0,0.0,0.0,0.0,0.0,0.0,0.0,0.0,0.0,0.0,9.127,9.493,3.0,100.0,1.0,1.0,2.0
13.0,13.0,13.0,2220.0,1.0,8.0,38.0,0.0,0.0,3.0,4.0,5.0,1.0,1.0,2.0,1.0,19.0,19.0,0.0,0.0,0.0,0.0,0.0,0.0,1.0,0.0,0.0,0.0,0.0,0.0,0.0,0.0,0.0,0.0,0.0,0.0,0.0,0.0,0.0,3.406,3.946,1.0,95.0,2.0,2.0,1.0
13.0,13.0,13.0,2221.0,1.0,8.0,39.0,0.0,0.0,3.0,4.0,3.0,1.0,1.0,1.0,1.0,20.0,19.0,1.0,0.0,0.0,0.0,0.0,0.0,1.0,0.0,0.0,0.0,0.0,0.0,0.0,0.0,0.0,0.0,0.0,0.0,0.0,0.0,0.0,4.014,6.034,1.0,110.0,5.0,1.0,2.0
13.0,13.0,13.0,812.0,1.0,9.0,42.0,0.0,0.0,4.0,4.0,2.0,2.0,2.0,2.0,2.0,21.0,21.0,0.0,0.0,0.0,0.0,0.0,0.0,1.0,0.0,0.0,0.0,0.0,0.0,0.0,0.0,0.0,0.0,0.0,0.0,0.0,0.0,0.0,5.178,4.38,1.0,93.0,1.0,1.0,2.0
13.0,13.0,13.0,2222.0,1.0,9.0,44.0,0.0,0.0,4.0,4.0,2.0,4.0,2.0,1.0,2.0,21.0,23.0,2.0,0.0,0.0,0.0,0.0,0.0,1.0,0.0,0.0,0.0,0.0,0.0,1.0,0.0,1.0,0.0,0.0,0.0,0.0,0.0,0.0,12.918,12.846,3.0,123.0,5.0,1.0,1.0
13.0,13.0,13.0,1690.0,1.0,10.0,45.0,0.0,0.0,4.0,5.0,1.0,1.0,1.0,1.0,2.0,21.0,24.0,0.0,0.0,0.0,0.0,0.0,0.0,1.0,0.0,0.0,1.0,0.0,0.0,0.0,0.0,0.0,0.0,0.0,0.0,0.0,0.0,0.0,4.246,5.553,2.0,110.0,3.0,1.0,1.0
13.0,13.0,13.0,2223.0,1.0,10.0,46.0,0.0,0.0,4.0,5.0,1.0,2.0,1.0,1.0,1.0,22.0,24.0,0.0,0.0,0.0,0.0,0.0,0.0,1.0,0.0,0.0,0.0,0.0,0.0,0.0,0.0,0.0,0.0,0.0,0.0,0.0,0.0,0.0,3.712,5.195,1.0,114.0,5.0,1.0,1.0
13.0,13.0,13.0,2224.0,1.0,10.0,47.0,0.0,0.0,4.0,5.0,2.0,2.0,1.0,2.0,1.0,23.0,24.0,0.0,0.0,0.0,0.0,1.0,0.0,2.0,0.0,0.0,0.0,0.0,1.0,0.0,1.0,0.0,0.0,0.0,0.0,0.0,0.0,0.0,45.61,41.164,11.0,92.0,2.0,1.0,1.0
13.0,13.0,13.0,2225.0,1.0,10.0,48.0,0.0,0.0,4.0,5.0,5.0,2.0,1.0,1.0,1.0,24.0,24.0,0.0,0.0,0.0,0.0,0.0,0.0,1.0,0.0,0.0,0.0,1.0,0.0,1.0,0.0,0.0,0.0,0.0,0.0,0.0,0.0,0.0,12.868,14.641,3.0,106.0,4.0,1.0,2.0
13.0,13.0,13.0,2226.0,1.0,10.0,51.0,0.0,0.0,4.0,5.0,3.0,4.0,1.0,1.0,2.0,24.0,27.0,0.0,0.0,0.0,0.0,0.0,1.0,3.0,0.0,0.0,0.0,0.0,0.0,1.0,0.0,1.0,0.0,0.0,0.0,0.0,0.0,0.0,68.407,63.676,16.0,113.0,5.0,1.0,1.0
13.0,13.0,13.0,996.0,1.0,10.0,53.0,0.0,0.0,4.0,5.0,3.0,4.0,1.0,2.0,2.0,25.0,28.0,0.0,0.0,0.0,0.0,0.0,0.0,1.0,0.0,0.0,1.0,0.0,0.0,0.0,0.0,0.0,0.0,0.0,0.0,0.0,0.0,0.0,32.377,31.823,10.0,89.0,1.0,1.0,1.0
13.0,13.0,13.0,2227.0,1.0,10.0,54.0,0.0,0.0,4.0,5.0,3.0,5.0,1.0,1.0,1.0,26.0,28.0,0.0,0.0,0.0,0.0,1.0,0.0,3.0,0.0,0.0,0.0,0.0,1.0,0.0,1.0,0.0,0.0,1.0,0.0,0.0,0.0,1.0,20.826,23.442,5.0,119.0,1.0,1.0,1.0
13.0,13.0,13.0,2228.0,1.0,10.0,55.0,0.0,0.0,4.0,5.0,3.0,4.0,1.0,2.0,1.0,27.0,28.0,0.0,0.0,0.0,0.0,0.0,0.0,1.0,0.0,0.0,0.0,0.0,0.0,0.0,0.0,0.0,0.0,0.0,0.0,0.0,0.0,0.0,3.977,5.097,1.0,104.0,3.0,1.0,2.0
13.0,13.0,13.0,2229.0,1.0,10.0,56.0,0.0,0.0,4.0,5.0,4.0,4.0,1.0,1.0,1.0,28.0,28.0,1.0,0.0,0.0,0.0,0.0,0.0,1.0,0.0,0.0,0.0,0.0,0.0,0.0,0.0,0.0,0.0,0.0,0.0,0.0,0.0,0.0,4.601,4.872,1.0,126.0,4.0,2.0,2.0
13.0,13.0,13.0,2230.0,1.0,11.0,57.0,0.0,0.0,5.0,5.0,1.0,1.0,2.0,1.0,2.0,28.0,29.0,0.0,0.0,0.0,0.0,0.0,0.0,1.0,0.0,0.0,0.0,0.0,0.0,0.0,0.0,0.0,0.0,0.0,0.0,0.0,0.0,0.0,2.924,2.363,1.0,121.0,1.0,1.0,1.0
13.0,13.0,13.0,2231.0,1.0,11.0,58.0,0.0,0.0,5.0,5.0,1.0,2.0,2.0,1.0,1.0,29.0,29.0,0.0,0.0,0.0,0.0,1.0,0.0,2.0,0.0,0.0,0.0,0.0,1.0,0.0,1.0,0.0,0.0,0.0,0.0,0.0,0.0,0.0,35.824,22.479,8.0,118.0,5.0,1.0,2.0
13.0,13.0,13.0,2232.0,1.0,11.0,59.0,0.0,0.0,5.0,5.0,2.0,2.0,2.0,2.0,2.0,29.0,30.0,0.0,0.0,0.0,0.0,0.0,0.0,1.0,0.0,0.0,1.0,0.0,0.0,0.0,0.0,0.0,0.0,0.0,0.0,0.0,0.0,0.0,4.677,6.583,1.0,94.0,1.0,1.0,2.0
13.0,13.0,13.0,1907.0,1.0,11.0,60.0,0.0,0.0,5.0,5.0,2.0,3.0,2.0,2.0,2.0,29.0,31.0,0.0,0.0,0.0,0.0,0.0,0.0,1.0,0.0,0.0,0.0,0.0,0.0,1.0,0.0,1.0,0.0,0.0,0.0,0.0,0.0,0.0,5.756,6.845,1.0,91.0,2.0,1.0,1.0
13.0,13.0,13.0,2233.0,1.0,11.0,61.0,0.0,0.0,5.0,5.0,2.0,4.0,2.0,1.0,1.0,30.0,31.0,0.0,0.0,0.0,0.0,1.0,0.0,3.0,0.0,0.0,0.0,0.0,0.0,0.0,0.0,0.0,0.0,0.0,0.0,0.0,0.0,0.0,31.196,27.1,8.0,111.0,3.0,1.0,2.0
13.0,13.0,13.0,2234.0,1.0,11.0,62.0,0.0,0.0,5.0,5.0,5.0,4.0,2.0,2.0,2.0,30.0,32.0,2.0,0.0,0.0,0.0,0.0,0.0,1.0,0.0,0.0,1.0,0.0,1.0,0.0,0.0,0.0,0.0,0.0,0.0,0.0,0.0,0.0,13.711,10.761,3.0,84.0,3.0,1.0,2.0
13.0,13.0,13.0,2235.0,1.0,12.0,63.0,0.0,0.0,5.0,6.0,1.0,1.0,1.0,2.0,2.0,30.0,33.0,0.0,0.0,0.0,0.0,0.0,1.0,3.0,0.0,0.0,0.0,0.0,0.0,0.0,0.0,0.0,0.0,0.0,0.0,0.0,0.0,0.0,28.109,21.874,6.0,84.0,1.0,1.0,1.0
13.0,13.0,13.0,2236.0,1.0,12.0,64.0,0.0,0.0,5.0,6.0,1.0,2.0,1.0,2.0,1.0,31.0,33.0,0.0,0.0,0.0,0.0,0.0,0.0,1.0,0.0,0.0,0.0,1.0,0.0,0.0,0.0,0.0,0.0,0.0,0.0,0.0,0.0,0.0,8.726,9.195,3.0,78.0,2.0,1.0,2.0
13.0,13.0,13.0,2237.0,1.0,12.0,65.0,0.0,0.0,5.0,6.0,2.0,2.0,1.0,2.0,1.0,32.0,33.0,0.0,0.0,0.0,0.0,0.0,0.0,1.0,0.0,0.0,0.0,1.0,0.0,0.0,0.0,0.0,0.0,0.0,0.0,0.0,0.0,0.0,28.239,28.335,9.0,84.0,2.0,1.0,2.0
13.0,13.0,13.0,569.0,1.0,12.0,67.0,0.0,0.0,5.0,6.0,5.0,3.0,1.0,1.0,1.0,33.0,34.0,0.0,0.0,0.0,0.0,0.0,0.0,1.0,0.0,0.0,0.0,0.0,1.0,0.0,1.0,0.0,0.0,0.0,0.0,0.0,0.0,0.0,14.551,12.786,3.0,111.0,1.0,1.0,1.0
13.0,13.0,13.0,2238.0,1.0,12.0,68.0,0.0,0.0,5.0,6.0,3.0,3.0,1.0,1.0,1.0,34.0,34.0,1.0,0.0,0.0,0.0,0.0,0.0,1.0,0.0,0.0,0.0,0.0,0.0,0.0,0.0,0.0,0.0,0.0,0.0,0.0,0.0,0.0,5.537,5.776,1.0,114.0,4.0,2.0,1.0
13.0,13.0,13.0,2239.0,1.0,13.0,69.0,0.0,0.0,6.0,6.0,1.0,1.0,2.0,2.0,2.0,34.0,35.0,0.0,0.0,0.0,0.0,0.0,0.0,1.0,0.0,0.0,0.0,0.0,0.0,1.0,0.0,1.0,0.0,0.0,0.0,0.0,0.0,0.0,10.061,7.553,1.0,96.0,1.0,1.0,1.0
13.0,13.0,13.0,2240.0,1.0,13.0,70.0,0.0,0.0,6.0,6.0,1.0,6.0,1.0,1.0,1.0,35.0,35.0,0.0,0.0,0.0,0.0,1.0,0.0,2.0,0.0,0.0,0.0,0.0,1.0,0.0,1.0,0.0,0.0,0.0,0.0,0.0,0.0,0.0,15.66,18.06,5.0,117.0,3.0,1.0,1.0
13.0,13.0,13.0,1568.0,1.0,13.0,71.0,0.0,0.0,6.0,6.0,6.0,6.0,1.0,2.0,2.0,35.0,36.0,0.0,0.0,0.0,0.0,0.0,1.0,3.0,0.0,0.0,0.0,0.0,1.0,0.0,0.0,0.0,0.0,0.0,0.0,0.0,0.0,0.0,30.906,24.309,6.0,80.0,1.0,1.0,1.0
13.0,13.0,13.0,2241.0,1.0,13.0,72.0,0.0,0.0,6.0,6.0,6.0,12.0,2.0,2.0,2.0,35.0,37.0,0.0,0.0,0.0,0.0,0.0,0.0,1.0,0.0,0.0,1.0,0.0,0.0,0.0,0.0,0.0,0.0,0.0,0.0,0.0,0.0,0.0,6.229,4.4,1.0,91.0,2.0,1.0,1.0
13.0,13.0,13.0,2123.0,1.0,13.0,74.0,0.0,0.0,6.0,6.0,6.0,8.0,1.0,2.0,2.0,35.0,39.0,0.0,0.0,0.0,0.0,0.0,0.0,1.0,0.0,0.0,1.0,0.0,0.0,0.0,0.0,0.0,0.0,0.0,0.0,0.0,0.0,0.0,21.188,31.943,8.0,86.0,5.0,1.0,1.0
13.0,13.0,13.0,2242.0,1.0,13.0,76.0,0.0,0.0,6.0,6.0,6.0,10.0,2.0,2.0,1.0,36.0,40.0,0.0,0.0,0.0,0.0,0.0,0.0,1.0,0.0,0.0,0.0,1.0,0.0,0.0,0.0,0.0,0.0,0.0,0.0,0.0,0.0,0.0,9.826,5.783,2.0,84.0,3.0,1.0,1.0
13.0,13.0,13.0,310.0,1.0,13.0,78.0,0.0,0.0,6.0,6.0,8.0,10.0,1.0,1.0,1.0,38.0,40.0,0.0,0.0,0.0,0.0,0.0,0.0,1.0,0.0,0.0,0.0,1.0,0.0,0.0,0.0,0.0,0.0,0.0,0.0,0.0,0.0,0.0,11.246,10.528,3.0,117.0,1.0,1.0,2.0
13.0,13.0,13.0,2243.0,1.0,13.0,79.0,0.0,0.0,6.0,6.0,9.0,10.0,1.0,1.0,2.0,38.0,41.0,2.0,2.0,0.0,0.0,0.0,1.0,2.0,0.0,0.0,0.0,0.0,0.0,0.0,0.0,0.0,0.0,0.0,0.0,0.0,0.0,0.0,14.788,18.096,4.0,123.0,5.0,1.0,2.0
13.0,13.0,13.0,2244.0,2.0,1.0,81.0,0.0,1.0,0.0,0.0,2.0,1.0,1.0,2.0,1.0,40.0,41.0,0.0,0.0,0.0,0.0,0.0,0.0,1.0,0.0,0.0,0.0,1.0,0.0,0.0,0.0,0.0,0.0,0.0,0.0,0.0,0.0,0.0,12.452,15.289,3.0,92.0,1.0,1.0,2.0
13.0,13.0,13.0,2245.0,2.0,1.0,83.0,0.0,1.0,0.0,0.0,5.0,2.0,1.0,1.0,2.0,40.0,43.0,0.0,0.0,0.0,0.0,0.0,1.0,2.0,0.0,0.0,0.0,0.0,0.0,0.0,0.0,0.0,0.0,0.0,0.0,0.0,0.0,0.0,12.334,17.041,4.0,102.0,5.0,1.0,2.0
13.0,13.0,13.0,2246.0,2.0,1.0,84.0,0.0,1.0,0.0,0.0,5.0,3.0,1.0,1.0,1.0,41.0,43.0,0.0,0.0,0.0,0.0,0.0,0.0,1.0,0.0,0.0,0.0,0.0,0.0,0.0,0.0,0.0,0.0,0.0,0.0,0.0,0.0,0.0,5.02,5.478,1.0,123.0,5.0,1.0,2.0
13.0,13.0,13.0,2247.0,2.0,1.0,85.0,0.0,1.0,0.0,0.0,3.0,3.0,1.0,1.0,2.0,41.0,44.0,0.0,0.0,0.0,0.0,0.0,1.0,2.0,0.0,0.0,0.0,0.0,0.0,1.0,0.0,1.0,0.0,0.0,0.0,0.0,0.0,0.0,28.249,29.909,8.0,100.0,1.0,1.0,1.0
13.0,13.0,13.0,2248.0,2.0,1.0,86.0,0.0,1.0,0.0,0.0,3.0,4.0,1.0,1.0,1.0,42.0,44.0,0.0,0.0,0.0,0.0,0.0,0.0,1.0,0.0,0.0,0.0,1.0,0.0,0.0,0.0,0.0,0.0,0.0,0.0,0.0,0.0,0.0,19.125,18.839,5.0,111.0,4.0,1.0,1.0
13.0,13.0,13.0,1928.0,2.0,1.0,87.0,0.0,1.0,0.0,0.0,4.0,4.0,1.0,1.0,1.0,43.0,44.0,1.0,0.0,0.0,0.0,1.0,0.0,2.0,0.0,0.0,0.0,0.0,0.0,0.0,0.0,0.0,0.0,0.0,0.0,0.0,0.0,0.0,15.521,31.664,3.0,103.0,5.0,1.0,1.0
13.0,13.0,13.0,2249.0,2.0,2.0,90.0,0.0,1.0,1.0,0.0,2.0,2.0,2.0,1.0,1.0,45.0,45.0,0.0,0.0,0.0,0.0,0.0,0.0,1.0,0.0,0.0,0.0,1.0,0.0,1.0,0.0,0.0,0.0,0.0,0.0,0.0,0.0,0.0,24.957,19.823,6.0,102.0,4.0,1.0,2.0
13.0,13.0,13.0,1581.0,2.0,2.0,91.0,0.0,1.0,1.0,0.0,5.0,2.0,2.0,1.0,2.0,45.0,46.0,0.0,0.0,0.0,0.0,0.0,0.0,1.0,0.0,0.0,1.0,0.0,0.0,0.0,0.0,0.0,0.0,0.0,0.0,0.0,0.0,0.0,19.654,18.78,3.0,116.0,5.0,1.0,2.0
13.0,13.0,13.0,851.0,2.0,2.0,92.0,0.0,1.0,1.0,0.0,5.0,3.0,2.0,1.0,2.0,45.0,47.0,0.0,0.0,0.0,0.0,0.0,0.0,1.0,0.0,0.0,0.0,0.0,0.0,0.0,0.0,0.0,0.0,0.0,0.0,0.0,0.0,0.0,6.975,5.118,1.0,117.0,4.0,1.0,2.0
13.0,13.0,13.0,321.0,2.0,2.0,93.0,0.0,1.0,1.0,0.0,5.0,4.0,2.0,1.0,2.0,45.0,48.0,2.0,0.0,0.0,0.0,0.0,0.0,1.0,0.0,0.0,0.0,0.0,0.0,0.0,0.0,0.0,0.0,0.0,0.0,0.0,0.0,0.0,4.112,3.521,1.0,122.0,3.0,2.0,1.0
13.0,13.0,13.0,2250.0,2.0,3.0,96.0,0.0,1.0,1.0,1.0,2.0,2.0,1.0,2.0,2.0,46.0,50.0,0.0,0.0,0.0,0.0,0.0,0.0,1.0,0.0,0.0,0.0,0.0,0.0,1.0,0.0,1.0,0.0,0.0,0.0,0.0,0.0,0.0,35.173,31.73,8.0,99.0,1.0,1.0,2.0
13.0,13.0,13.0,2141.0,2.0,3.0,98.0,0.0,1.0,1.0,1.0,2.0,4.0,1.0,1.0,2.0,46.0,52.0,2.0,0.0,0.0,0.0,0.0,0.0,1.0,0.0,0.0,1.0,0.0,1.0,0.0,0.0,0.0,0.0,1.0,0.0,1.0,0.0,0.0,14.481,20.548,4.0,117.0,5.0,2.0,1.0
13.0,13.0,13.0,78.0,2.0,4.0,99.0,0.0,1.0,1.0,2.0,1.0,1.0,2.0,1.0,2.0,46.0,53.0,0.0,0.0,0.0,0.0,0.0,0.0,1.0,0.0,0.0,0.0,0.0,0.0,0.0,0.0,0.0,0.0,0.0,0.0,0.0,0.0,0.0,4.916,4.75,1.0,109.0,2.0,1.0,2.0
13.0,13.0,13.0,2251.0,2.0,4.0,100.0,0.0,1.0,1.0,2.0,1.0,2.0,2.0,2.0,2.0,46.0,54.0,0.0,0.0,0.0,0.0,0.0,0.0,1.0,0.0,0.0,0.0,0.0,0.0,0.0,0.0,0.0,0.0,0.0,0.0,0.0,0.0,0.0,4.33,4.513,1.0,90.0,3.0,2.0,2.0
13.0,13.0,13.0,2252.0,2.0,4.0,101.0,0.0,1.0,1.0,2.0,1.0,3.0,2.0,2.0,2.0,46.0,55.0,0.0,0.0,0.0,0.0,0.0,0.0,1.0,0.0,0.0,0.0,0.0,0.0,1.0,0.0,1.0,0.0,0.0,0.0,0.0,0.0,0.0,12.487,9.277,1.0,90.0,5.0,1.0,1.0
13.0,13.0,13.0,2253.0,2.0,4.0,102.0,0.0,1.0,1.0,2.0,1.0,4.0,2.0,1.0,2.0,46.0,56.0,2.0,0.0,0.0,0.0,0.0,0.0,1.0,0.0,0.0,0.0,0.0,0.0,0.0,0.0,0.0,0.0,0.0,0.0,0.0,0.0,0.0,5.124,4.797,1.0,119.0,4.0,2.0,1.0
13.0,13.0,13.0,2254.0,2.0,5.0,103.0,0.0,1.0,1.0,3.0,1.0,1.0,1.0,1.0,1.0,47.0,56.0,0.0,0.0,0.0,0.0,0.0,0.0,1.0,0.0,0.0,0.0,0.0,0.0,0.0,0.0,0.0,0.0,0.0,0.0,0.0,0.0,0.0,4.353,5.034,1.0,107.0,4.0,2.0,2.0
13.0,13.0,13.0,2255.0,2.0,5.0,104.0,0.0,1.0,1.0,3.0,2.0,1.0,1.0,1.0,1.0,48.0,56.0,0.0,0.0,0.0,0.0,0.0,0.0,1.0,0.0,0.0,0.0,0.0,0.0,0.0,0.0,0.0,0.0,0.0,0.0,0.0,0.0,0.0,1.993,3.365,1.0,91.0,5.0,1.0,1.0
13.0,13.0,13.0,2256.0,2.0,5.0,105.0,0.0,1.0,1.0,3.0,5.0,1.0,1.0,1.0,1.0,49.0,56.0,0.0,0.0,0.0,0.0,0.0,0.0,1.0,0.0,0.0,0.0,1.0,0.0,0.0,0.0,0.0,0.0,0.0,0.0,0.0,0.0,0.0,27.644,29.411,7.0,110.0,3.0,1.0,1.0
13.0,13.0,13.0,2257.0,2.0,5.0,106.0,0.0,1.0,1.0,3.0,3.0,1.0,1.0,1.0,1.0,50.0,56.0,1.0,0.0,0.0,0.0,1.0,0.0,2.0,0.0,0.0,0.0,0.0,1.0,0.0,1.0,0.0,0.0,0.0,0.0,0.0,0.0,0.0,10.484,10.703,3.0,109.0,3.0,2.0,1.0
13.0,13.0,13.0,602.0,2.0,6.0,109.0,0.0,1.0,2.0,3.0,2.0,2.0,2.0,2.0,2.0,51.0,58.0,0.0,0.0,0.0,0.0,0.0,0.0,1.0,0.0,0.0,0.0,0.0,0.0,0.0,0.0,0.0,0.0,0.0,0.0,0.0,0.0,0.0,5.954,7.515,1.0,95.0,5.0,1.0,2.0
13.0,13.0,13.0,2258.0,2.0,6.0,110.0,0.0,1.0,2.0,3.0,2.0,3.0,2.0,1.0,2.0,51.0,59.0,0.0,0.0,0.0,0.0,0.0,0.0,1.0,0.0,0.0,0.0,0.0,0.0,0.0,0.0,0.0,0.0,0.0,0.0,0.0,0.0,0.0,5.974,5.604,1.0,124.0,3.0,2.0,2.0
13.0,13.0,13.0,863.0,2.0,6.0,111.0,0.0,1.0,2.0,3.0,2.0,4.0,2.0,1.0,1.0,52.0,59.0,0.0,0.0,0.0,0.0,0.0,0.0,1.0,0.0,0.0,0.0,1.0,0.0,0.0,0.0,0.0,0.0,0.0,0.0,0.0,0.0,0.0,9.013,8.242,2.0,130.0,5.0,1.0,1.0
13.0,13.0,13.0,2259.0,2.0,6.0,112.0,0.0,1.0,2.0,3.0,5.0,4.0,2.0,1.0,2.0,52.0,60.0,2.0,0.0,0.0,0.0,0.0,0.0,1.0,0.0,0.0,0.0,0.0,0.0,1.0,0.0,1.0,0.0,0.0,0.0,0.0,0.0,0.0,4.138,5.852,1.0,128.0,3.0,1.0,1.0
13.0,13.0,13.0,2260.0,2.0,7.0,113.0,0.0,1.0,2.0,4.0,1.0,1.0,1.0,1.0,1.0,53.0,60.0,0.0,0.0,0.0,0.0,0.0,0.0,1.0,0.0,0.0,0.0,0.0,0.0,0.0,0.0,0.0,0.0,0.0,0.0,0.0,0.0,0.0,4.502,5.049,1.0,114.0,1.0,2.0,1.0
13.0,13.0,13.0,2261.0,2.0,7.0,114.0,0.0,1.0,2.0,4.0,2.0,1.0,1.0,2.0,1.0,54.0,60.0,0.0,0.0,0.0,0.0,1.0,0.0,2.0,0.0,0.0,0.0,0.0,1.0,0.0,1.0,0.0,0.0,0.0,0.0,0.0,0.0,0.0,24.337,23.725,7.0,90.0,2.0,1.0,1.0
13.0,13.0,13.0,2262.0,2.0,7.0,116.0,0.0,1.0,2.0,4.0,3.0,1.0,1.0,1.0,1.0,56.0,60.0,1.0,0.0,0.0,0.0,0.0,0.0,1.0,0.0,0.0,0.0,0.0,0.0,0.0,0.0,0.0,0.0,0.0,0.0,0.0,0.0,0.0,3.381,3.948,1.0,111.0,3.0,1.0,2.0
13.0,13.0,13.0,2263.0,2.0,8.0,117.0,0.0,1.0,3.0,4.0,1.0,1.0,2.0,1.0,1.0,57.0,60.0,0.0,0.0,0.0,0.0,1.0,0.0,2.0,0.0,0.0,0.0,0.0,0.0,1.0,0.0,0.0,0.0,0.0,0.0,0.0,0.0,0.0,22.531,20.4,6.0,124.0,1.0,1.0,1.0
13.0,13.0,13.0,2264.0,2.0,8.0,118.0,0.0,1.0,3.0,4.0,2.0,1.0,2.0,1.0,1.0,58.0,60.0,0.0,0.0,0.0,0.0,0.0,0.0,1.0,0.0,0.0,0.0,0.0,0.0,0.0,0.0,0.0,0.0,0.0,0.0,0.0,0.0,0.0,16.34,18.146,2.0,124.0,4.0,1.0,2.0
13.0,13.0,13.0,2265.0,2.0,8.0,119.0,0.0,1.0,3.0,4.0,5.0,1.0,2.0,2.0,2.0,58.0,61.0,0.0,0.0,0.0,0.0,0.0,0.0,1.0,0.0,0.0,0.0,0.0,0.0,0.0,0.0,0.0,0.0,0.0,0.0,0.0,0.0,0.0,7.423,5.139,1.0,99.0,5.0,1.0,2.0
13.0,13.0,13.0,2266.0,2.0,8.0,120.0,0.0,1.0,3.0,4.0,5.0,2.0,2.0,1.0,2.0,58.0,62.0,0.0,0.0,0.0,0.0,0.0,0.0,1.0,0.0,0.0,0.0,0.0,0.0,0.0,0.0,0.0,0.0,0.0,0.0,0.0,0.0,0.0,4.716,4.311,1.0,124.0,4.0,2.0,2.0
13.0,13.0,13.0,2267.0,2.0,8.0,121.0,0.0,1.0,3.0,4.0,5.0,3.0,2.0,1.0,2.0,58.0,63.0,0.0,0.0,0.0,0.0,0.0,0.0,1.0,0.0,0.0,0.0,0.0,0.0,0.0,0.0,0.0,0.0,0.0,0.0,0.0,0.0,0.0,4.259,3.105,1.0,131.0,5.0,1.0,1.0
13.0,13.0,13.0,2268.0,2.0,9.0,123.0,0.0,1.0,3.0,5.0,1.0,1.0,1.0,2.0,1.0,59.0,64.0,0.0,0.0,0.0,0.0,0.0,0.0,1.0,0.0,0.0,0.0,0.0,0.0,0.0,0.0,0.0,0.0,0.0,0.0,0.0,0.0,0.0,10.302,11.855,3.0,92.0,5.0,1.0,1.0
13.0,13.0,13.0,2269.0,2.0,9.0,124.0,0.0,1.0,3.0,5.0,2.0,1.0,1.0,2.0,1.0,60.0,64.0,0.0,0.0,0.0,0.0,0.0,0.0,1.0,0.0,0.0,0.0,0.0,0.0,0.0,0.0,0.0,0.0,0.0,0.0,0.0,0.0,0.0,6.2,6.875,1.0,90.0,5.0,1.0,2.0
13.0,13.0,13.0,2270.0,2.0,9.0,125.0,0.0,1.0,3.0,5.0,5.0,1.0,1.0,1.0,1.0,61.0,64.0,0.0,0.0,0.0,0.0,0.0,0.0,1.0,0.0,0.0,0.0,0.0,0.0,0.0,0.0,0.0,0.0,0.0,0.0,0.0,0.0,0.0,3.06,4.438,1.0,108.0,1.0,1.0,2.0
13.0,13.0,13.0,2271.0,2.0,9.0,126.0,0.0,1.0,3.0,5.0,3.0,1.0,1.0,2.0,2.0,61.0,65.0,0.0,0.0,0.0,0.0,0.0,0.0,1.0,0.0,0.0,0.0,0.0,0.0,1.0,0.0,1.0,0.0,0.0,0.0,0.0,0.0,0.0,14.691,14.988,4.0,90.0,5.0,2.0,1.0
13.0,13.0,13.0,2164.0,2.0,9.0,127.0,0.0,1.0,3.0,5.0,3.0,2.0,1.0,1.0,2.0,61.0,66.0,0.0,0.0,0.0,0.0,0.0,1.0,2.0,0.0,0.0,0.0,0.0,0.0,1.0,0.0,1.0,0.0,0.0,0.0,0.0,0.0,0.0,21.828,30.597,8.0,115.0,3.0,1.0,2.0
13.0,13.0,13.0,1048.0,2.0,9.0,128.0,0.0,1.0,3.0,5.0,3.0,3.0,1.0,1.0,1.0,62.0,66.0,1.0,0.0,0.0,0.0,0.0,0.0,1.0,0.0,0.0,0.0,0.0,0.0,0.0,0.0,0.0,0.0,0.0,0.0,0.0,0.0,0.0,9.686,15.921,3.0,111.0,5.0,1.0,1.0
13.0,13.0,13.0,1963.0,2.0,10.0,129.0,0.0,1.0,4.0,5.0,1.0,1.0,2.0,1.0,1.0,63.0,66.0,0.0,0.0,0.0,0.0,0.0,0.0,1.0,0.0,0.0,0.0,1.0,0.0,1.0,0.0,0.0,0.0,0.0,0.0,0.0,0.0,0.0,8.531,7.902,2.0,130.0,5.0,1.0,1.0
13.0,13.0,13.0,1053.0,2.0,10.0,130.0,0.0,1.0,4.0,5.0,2.0,1.0,2.0,1.0,2.0,63.0,67.0,0.0,0.0,0.0,0.0,0.0,1.0,2.0,0.0,0.0,0.0,0.0,0.0,1.0,0.0,1.0,0.0,0.0,0.0,0.0,0.0,0.0,9.145,7.154,3.0,115.0,5.0,1.0,1.0
13.0,13.0,13.0,1054.0,2.0,10.0,131.0,0.0,1.0,4.0,5.0,2.0,2.0,2.0,2.0,1.0,64.0,67.0,0.0,0.0,0.0,0.0,1.0,0.0,2.0,0.0,0.0,0.0,0.0,0.0,1.0,0.0,0.0,0.0,0.0,0.0,0.0,0.0,0.0,20.225,17.375,6.0,90.0,5.0,1.0,1.0
13.0,13.0,13.0,2272.0,2.0,10.0,132.0,0.0,1.0,4.0,5.0,5.0,2.0,2.0,1.0,2.0,64.0,68.0,0.0,0.0,0.0,0.0,0.0,1.0,2.0,0.0,0.0,0.0,0.0,0.0,1.0,0.0,1.0,0.0,0.0,0.0,0.0,0.0,0.0,18.422,18.992,5.0,129.0,4.0,2.0,1.0
13.0,13.0,13.0,1748.0,2.0,10.0,133.0,0.0,1.0,4.0,5.0,5.0,3.0,2.0,1.0,1.0,65.0,68.0,0.0,0.0,0.0,0.0,0.0,0.0,1.0,0.0,0.0,0.0,1.0,0.0,0.0,0.0,0.0,0.0,0.0,0.0,0.0,0.0,0.0,6.083,5.216,2.0,133.0,1.0,1.0,1.0
13.0,13.0,13.0,2273.0,2.0,10.0,134.0,0.0,1.0,4.0,5.0,3.0,3.0,2.0,1.0,2.0,65.0,69.0,0.0,0.0,0.0,0.0,0.0,0.0,1.0,0.0,0.0,0.0,0.0,0.0,1.0,0.0,1.0,1.0,0.0,0.0,0.0,1.0,0.0,11.694,9.143,3.0,123.0,5.0,1.0,1.0
13.0,13.0,13.0,2274.0,2.0,10.0,135.0,0.0,1.0,4.0,5.0,3.0,4.0,2.0,1.0,2.0,65.0,70.0,0.0,0.0,0.0,0.0,0.0,1.0,2.0,0.0,0.0,0.0,0.0,0.0,0.0,0.0,0.0,0.0,0.0,0.0,0.0,0.0,0.0,9.298,6.614,3.0,118.0,4.0,2.0,1.0
13.0,13.0,13.0,2275.0,2.0,10.0,136.0,0.0,1.0,4.0,5.0,3.0,5.0,2.0,2.0,2.0,65.0,71.0,2.0,2.0,0.0,0.0,0.0,0.0,1.0,0.0,0.0,0.0,0.0,0.0,1.0,0.0,1.0,0.0,0.0,0.0,0.0,0.0,0.0,14.69,12.612,3.0,84.0,3.0,1.0,1.0
13.0,13.0,13.0,2276.0,3.0,1.0,137.0,0.0,2.0,0.0,0.0,1.0,1.0,1.0,1.0,2.0,65.0,72.0,0.0,0.0,0.0,0.0,0.0,1.0,3.0,0.0,0.0,0.0,0.0,0.0,1.0,0.0,1.0,0.0,0.0,0.0,0.0,0.0,0.0,15.91,17.166,4.0,111.0,3.0,1.0,1.0
13.0,13.0,13.0,2277.0,3.0,1.0,138.0,0.0,2.0,0.0,0.0,1.0,2.0,1.0,1.0,1.0,66.0,72.0,0.0,0.0,0.0,0.0,0.0,0.0,1.0,0.0,0.0,0.0,0.0,0.0,0.0,0.0,0.0,0.0,0.0,0.0,0.0,0.0,0.0,2.506,3.032,1.0,106.0,5.0,1.0,1.0
13.0,13.0,13.0,2278.0,3.0,1.0,139.0,0.0,2.0,0.0,0.0,2.0,2.0,1.0,1.0,1.0,67.0,72.0,0.0,0.0,0.0,0.0,1.0,0.0,2.0,0.0,0.0,0.0,0.0,1.0,0.0,1.0,0.0,0.0,0.0,0.0,0.0,0.0,0.0,18.129,19.585,3.0,121.0,5.0,1.0,1.0
13.0,13.0,13.0,2279.0,3.0,1.0,140.0,0.0,2.0,0.0,0.0,5.0,2.0,1.0,1.0,2.0,67.0,73.0,0.0,0.0,0.0,0.0,0.0,0.0,1.0,0.0,0.0,1.0,0.0,0.0,0.0,0.0,0.0,0.0,0.0,0.0,0.0,0.0,0.0,5.126,6.009,2.0,113.0,3.0,2.0,1.0
13.0,13.0,13.0,2280.0,3.0,1.0,142.0,0.0,2.0,0.0,0.0,5.0,4.0,1.0,1.0,2.0,67.0,75.0,2.0,0.0,0.0,0.0,0.0,0.0,1.0,0.0,0.0,0.0,0.0,0.0,0.0,0.0,0.0,0.0,1.0,0.0,1.0,0.0,0.0,11.703,15.279,4.0,113.0,3.0,1.0,1.0
13.0,13.0,13.0,2281.0,3.0,2.0,145.0,0.0,2.0,0.0,1.0,1.0,3.0,2.0,1.0,2.0,67.0,78.0,0.0,0.0,0.0,0.0,0.0,0.0,1.0,0.0,0.0,0.0,0.0,0.0,0.0,0.0,0.0,0.0,0.0,0.0,0.0,0.0,0.0,3.906,2.517,1.0,111.0,4.0,1.0,1.0
13.0,13.0,13.0,2282.0,3.0,2.0,146.0,0.0,2.0,0.0,1.0,1.0,4.0,2.0,2.0,1.0,68.0,78.0,0.0,0.0,0.0,0.0,1.0,0.0,2.0,0.0,0.0,0.0,0.0,1.0,0.0,1.0,0.0,0.0,0.0,0.0,0.0,0.0,0.0,17.662,18.369,6.0,98.0,2.0,1.0,1.0
13.0,13.0,13.0,2283.0,3.0,3.0,148.0,0.0,2.0,0.0,2.0,1.0,1.0,1.0,1.0,2.0,68.0,80.0,0.0,0.0,0.0,0.0,0.0,1.0,2.0,0.0,0.0,0.0,0.0,0.0,0.0,0.0,0.0,0.0,0.0,0.0,0.0,0.0,0.0,8.973,9.926,4.0,101.0,3.0,1.0,1.0
13.0,13.0,13.0,2284.0,3.0,3.0,150.0,0.0,2.0,0.0,2.0,2.0,2.0,1.0,1.0,2.0,69.0,81.0,0.0,0.0,0.0,0.0,0.0,0.0,1.0,0.0,0.0,0.0,0.0,0.0,0.0,0.0,0.0,0.0,0.0,0.0,0.0,0.0,0.0,3.063,4.751,2.0,112.0,3.0,2.0,2.0
13.0,13.0,13.0,2285.0,3.0,3.0,151.0,0.0,2.0,0.0,2.0,2.0,3.0,1.0,1.0,1.0,70.0,81.0,0.0,0.0,0.0,0.0,1.0,0.0,2.0,0.0,0.0,0.0,0.0,1.0,0.0,1.0,0.0,0.0,0.0,0.0,0.0,0.0,0.0,48.81,54.552,13.0,118.0,4.0,1.0,1.0
13.0,13.0,13.0,1490.0,3.0,3.0,152.0,0.0,2.0,0.0,2.0,5.0,3.0,1.0,1.0,1.0,71.0,81.0,0.0,0.0,0.0,0.0,0.0,0.0,1.0,0.0,0.0,0.0,0.0,0.0,0.0,0.0,0.0,0.0,0.0,0.0,0.0,0.0,0.0,3.894,4.553,1.0,113.0,1.0,1.0,2.0
13.0,13.0,13.0,2286.0,3.0,3.0,153.0,0.0,2.0,0.0,2.0,3.0,3.0,1.0,1.0,1.0,72.0,81.0,1.0,0.0,0.0,0.0,0.0,0.0,1.0,0.0,0.0,0.0,1.0,0.0,0.0,0.0,0.0,0.0,0.0,0.0,0.0,0.0,0.0,8.389,10.692,3.0,104.0,5.0,1.0,1.0
13.0,13.0,13.0,2287.0,3.0,4.0,154.0,0.0,2.0,1.0,2.0,1.0,1.0,2.0,1.0,2.0,72.0,82.0,0.0,0.0,0.0,0.0,0.0,0.0,1.0,0.0,0.0,0.0,0.0,0.0,0.0,0.0,0.0,0.0,0.0,0.0,0.0,0.0,0.0,2.636,2.233,1.0,132.0,1.0,1.0,1.0
13.0,13.0,13.0,2288.0,3.0,4.0,155.0,0.0,2.0,1.0,2.0,1.0,2.0,2.0,2.0,2.0,72.0,83.0,0.0,0.0,0.0,0.0,0.0,0.0,1.0,0.0,0.0,1.0,0.0,0.0,0.0,0.0,0.0,0.0,0.0,0.0,0.0,0.0,0.0,6.154,4.583,1.0,87.0,2.0,1.0,2.0
13.0,13.0,13.0,2289.0,3.0,4.0,156.0,0.0,2.0,1.0,2.0,1.0,3.0,2.0,1.0,2.0,72.0,84.0,0.0,0.0,0.0,0.0,0.0,0.0,1.0,0.0,0.0,0.0,0.0,0.0,0.0,0.0,0.0,0.0,0.0,0.0,0.0,0.0,0.0,6.478,4.616,1.0,113.0,4.0,2.0,2.0
13.0,13.0,13.0,2290.0,3.0,5.0,159.0,0.0,2.0,1.0,3.0,2.0,1.0,1.0,1.0,1.0,74.0,85.0,0.0,0.0,0.0,0.0,0.0,0.0,1.0,0.0,0.0,0.0,0.0,0.0,0.0,0.0,0.0,0.0,0.0,0.0,0.0,0.0,0.0,11.053,14.483,3.0,106.0,3.0,1.0,2.0
13.0,13.0,13.0,116.0,3.0,5.0,161.0,0.0,2.0,1.0,3.0,5.0,2.0,1.0,2.0,1.0,75.0,86.0,0.0,0.0,0.0,0.0,0.0,0.0,1.0,0.0,0.0,0.0,0.0,0.0,0.0,0.0,0.0,0.0,0.0,0.0,0.0,0.0,0.0,3.372,3.767,1.0,102.0,2.0,2.0,2.0
13.0,13.0,13.0,2291.0,3.0,5.0,162.0,0.0,2.0,1.0,3.0,3.0,2.0,1.0,1.0,2.0,75.0,87.0,0.0,0.0,0.0,0.0,0.0,0.0,1.0,0.0,0.0,0.0,0.0,1.0,0.0,0.0,0.0,0.0,0.0,0.0,0.0,0.0,0.0,8.4,10.311,2.0,110.0,4.0,2.0,1.0
13.0,13.0,13.0,2292.0,3.0,5.0,163.0,0.0,2.0,1.0,3.0,3.0,3.0,1.0,2.0,2.0,75.0,88.0,0.0,0.0,0.0,0.0,0.0,0.0,1.0,0.0,0.0,0.0,0.0,0.0,0.0,0.0,0.0,0.0,0.0,0.0,0.0,0.0,0.0,6.783,5.891,2.0,96.0,5.0,1.0,1.0
13.0,13.0,13.0,2293.0,3.0,5.0,164.0,0.0,2.0,1.0,3.0,3.0,4.0,1.0,1.0,1.0,76.0,88.0,0.0,0.0,0.0,0.0,0.0,0.0,1.0,0.0,0.0,0.0,0.0,0.0,0.0,0.0,0.0,0.0,0.0,0.0,0.0,0.0,0.0,4.119,5.154,1.0,120.0,5.0,1.0,1.0
13.0,13.0,13.0,2294.0,3.0,5.0,165.0,0.0,2.0,1.0,3.0,4.0,4.0,1.0,1.0,2.0,76.0,89.0,0.0,0.0,0.0,0.0,0.0,0.0,1.0,0.0,0.0,0.0,0.0,0.0,0.0,0.0,0.0,0.0,0.0,0.0,0.0,0.0,0.0,6.806,7.12,2.0,117.0,3.0,2.0,2.0
13.0,13.0,13.0,2295.0,3.0,5.0,166.0,0.0,2.0,1.0,3.0,3.0,4.0,1.0,1.0,1.0,77.0,89.0,0.0,0.0,0.0,0.0,0.0,0.0,1.0,0.0,0.0,0.0,0.0,0.0,1.0,0.0,0.0,0.0,0.0,0.0,0.0,0.0,0.0,12.234,15.572,5.0,111.0,5.0,1.0,2.0
13.0,13.0,13.0,2296.0,3.0,5.0,167.0,0.0,2.0,1.0,3.0,4.0,4.0,1.0,1.0,1.0,78.0,89.0,1.0,0.0,0.0,0.0,0.0,0.0,1.0,0.0,0.0,0.0,0.0,0.0,0.0,0.0,0.0,0.0,0.0,0.0,0.0,0.0,0.0,2.967,3.323,1.0,114.0,1.0,2.0,2.0
13.0,13.0,13.0,2297.0,3.0,6.0,168.0,0.0,2.0,2.0,3.0,1.0,1.0,2.0,1.0,2.0,78.0,90.0,0.0,0.0,0.0,0.0,0.0,1.0,2.0,0.0,0.0,0.0,0.0,0.0,1.0,0.0,1.0,0.0,0.0,0.0,0.0,0.0,0.0,25.921,24.792,7.0,111.0,4.0,2.0,2.0
13.0,13.0,13.0,2298.0,3.0,6.0,170.0,0.0,2.0,2.0,3.0,1.0,3.0,2.0,2.0,2.0,78.0,92.0,0.0,0.0,0.0,0.0,0.0,0.0,1.0,0.0,0.0,0.0,0.0,0.0,0.0,0.0,0.0,0.0,0.0,0.0,0.0,0.0,0.0,13.413,16.551,3.0,94.0,1.0,1.0,2.0
13.0,13.0,13.0,2299.0,3.0,6.0,171.0,0.0,2.0,2.0,3.0,1.0,4.0,2.0,2.0,2.0,78.0,93.0,2.0,0.0,0.0,0.0,0.0,0.0,1.0,0.0,0.0,0.0,0.0,1.0,0.0,0.0,0.0,0.0,0.0,0.0,0.0,0.0,0.0,13.331,8.522,3.0,115.0,1.0,1.0,2.0
13.0,13.0,13.0,2195.0,3.0,7.0,172.0,0.0,2.0,2.0,4.0,1.0,1.0,1.0,1.0,2.0,78.0,94.0,0.0,0.0,0.0,0.0,0.0,0.0,1.0,0.0,0.0,0.0,0.0,0.0,1.0,0.0,1.0,0.0,0.0,0.0,0.0,0.0,0.0,9.949,21.258,4.0,113.0,4.0,1.0,2.0
13.0,13.0,13.0,2300.0,3.0,7.0,173.0,0.0,2.0,2.0,4.0,1.0,2.0,1.0,2.0,1.0,79.0,94.0,0.0,0.0,0.0,0.0,0.0,0.0,1.0,0.0,0.0,0.0,1.0,0.0,0.0,0.0,0.0,0.0,0.0,0.0,0.0,0.0,0.0,3.912,5.84,1.0,96.0,5.0,1.0,2.0
13.0,13.0,13.0,2301.0,3.0,7.0,174.0,0.0,2.0,2.0,4.0,2.0,2.0,1.0,2.0,2.0,79.0,95.0,0.0,0.0,0.0,0.0,0.0,1.0,2.0,0.0,0.0,0.0,0.0,0.0,0.0,0.0,0.0,0.0,0.0,0.0,0.0,0.0,0.0,3.29,4.175,2.0,101.0,3.0,1.0,2.0
13.0,13.0,13.0,2302.0,3.0,7.0,175.0,0.0,2.0,2.0,4.0,2.0,3.0,1.0,1.0,1.0,80.0,95.0,0.0,0.0,0.0,0.0,0.0,0.0,1.0,0.0,0.0,0.0,0.0,0.0,0.0,0.0,0.0,0.0,0.0,0.0,0.0,0.0,0.0,3.181,5.73,1.0,104.0,5.0,1.0,2.0
13.0,13.0,13.0,2303.0,3.0,7.0,176.0,0.0,2.0,2.0,4.0,5.0,3.0,1.0,1.0,1.0,81.0,95.0,0.0,0.0,0.0,0.0,0.0,0.0,1.0,0.0,0.0,0.0,0.0,0.0,0.0,0.0,0.0,0.0,0.0,0.0,0.0,0.0,0.0,11.227,12.976,1.0,110.0,3.0,1.0,2.0
13.0,13.0,13.0,2304.0,3.0,7.0,177.0,0.0,2.0,2.0,4.0,3.0,3.0,1.0,1.0,1.0,82.0,95.0,1.0,0.0,0.0,0.0,0.0,0.0,1.0,0.0,0.0,0.0,0.0,0.0,0.0,0.0,0.0,0.0,0.0,0.0,0.0,0.0,0.0,3.23,4.823,1.0,97.0,1.0,2.0,2.0
13.0,13.0,13.0,2305.0,3.0,8.0,180.0,0.0,2.0,3.0,4.0,1.0,3.0,2.0,1.0,1.0,83.0,97.0,0.0,0.0,0.0,0.0,0.0,0.0,1.0,0.0,0.0,0.0,0.0,0.0,0.0,0.0,0.0,0.0,0.0,0.0,0.0,0.0,0.0,7.315,5.032,2.0,119.0,4.0,1.0,1.0
13.0,13.0,13.0,904.0,3.0,8.0,182.0,0.0,2.0,3.0,4.0,5.0,3.0,2.0,1.0,2.0,84.0,98.0,0.0,0.0,0.0,0.0,0.0,0.0,1.0,0.0,0.0,0.0,0.0,0.0,0.0,0.0,0.0,0.0,0.0,0.0,0.0,0.0,0.0,5.44,4.593,1.0,116.0,4.0,2.0,2.0
13.0,13.0,13.0,2306.0,3.0,8.0,183.0,0.0,2.0,3.0,4.0,5.0,4.0,2.0,1.0,2.0,84.0,99.0,2.0,0.0,0.0,0.0,0.0,0.0,1.0,0.0,0.0,0.0,0.0,0.0,0.0,0.0,0.0,0.0,0.0,0.0,0.0,0.0,0.0,5.608,5.21,1.0,121.0,2.0,1.0,2.0
13.0,13.0,13.0,1633.0,3.0,9.0,185.0,0.0,2.0,3.0,5.0,2.0,1.0,1.0,2.0,2.0,85.0,100.0,0.0,0.0,0.0,0.0,0.0,0.0,1.0,0.0,0.0,0.0,0.0,0.0,0.0,0.0,0.0,0.0,0.0,0.0,0.0,0.0,0.0,10.269,15.449,2.0,102.0,1.0,1.0,2.0
13.0,13.0,13.0,2307.0,3.0,9.0,186.0,0.0,2.0,3.0,5.0,2.0,2.0,1.0,2.0,1.0,86.0,100.0,0.0,0.0,0.0,0.0,1.0,0.0,2.0,0.0,0.0,0.0,0.0,1.0,0.0,1.0,0.0,0.0,0.0,0.0,0.0,0.0,0.0,20.419,23.468,7.0,101.0,3.0,2.0,1.0
13.0,13.0,13.0,2308.0,3.0,9.0,187.0,0.0,2.0,3.0,5.0,5.0,2.0,1.0,1.0,1.0,87.0,100.0,0.0,0.0,0.0,0.0,0.0,0.0,1.0,0.0,0.0,0.0,0.0,0.0,1.0,0.0,0.0,0.0,0.0,0.0,0.0,0.0,0.0,10.963,17.57,3.0,111.0,1.0,2.0,1.0
13.0,13.0,13.0,2309.0,3.0,9.0,188.0,0.0,2.0,3.0,5.0,3.0,2.0,1.0,1.0,1.0,88.0,100.0,1.0,0.0,0.0,0.0,1.0,0.0,2.0,0.0,0.0,0.0,0.0,0.0,0.0,0.0,0.0,0.0,0.0,0.0,0.0,0.0,0.0,5.83,8.489,3.0,110.0,5.0,1.0,1.0
13.0,13.0,13.0,331.0,3.0,10.0,189.0,0.0,2.0,4.0,5.0,1.0,1.0,2.0,2.0,1.0,89.0,100.0,0.0,0.0,0.0,0.0,0.0,0.0,1.0,0.0,0.0,0.0,1.0,1.0,0.0,1.0,0.0,0.0,0.0,0.0,0.0,0.0,0.0,10.711,7.463,2.0,96.0,5.0,1.0,2.0
13.0,13.0,13.0,2310.0,3.0,10.0,190.0,0.0,2.0,4.0,5.0,2.0,1.0,2.0,1.0,2.0,89.0,101.0,0.0,0.0,0.0,0.0,0.0,1.0,2.0,0.0,0.0,0.0,0.0,0.0,1.0,0.0,1.0,0.0,0.0,0.0,0.0,0.0,0.0,10.715,9.606,3.0,122.0,3.0,1.0,1.0
13.0,13.0,13.0,2311.0,3.0,10.0,191.0,0.0,2.0,4.0,5.0,2.0,2.0,2.0,1.0,1.0,90.0,101.0,0.0,0.0,0.0,0.0,1.0,0.0,3.0,0.0,0.0,0.0,0.0,0.0,1.0,0.0,0.0,0.0,0.0,0.0,0.0,0.0,0.0,16.277,13.379,4.0,115.0,4.0,1.0,1.0
13.0,13.0,13.0,2006.0,3.0,10.0,192.0,0.0,2.0,4.0,5.0,5.0,2.0,2.0,2.0,1.0,91.0,101.0,0.0,0.0,0.0,0.0,0.0,0.0,1.0,0.0,0.0,0.0,1.0,0.0,0.0,0.0,0.0,0.0,0.0,0.0,0.0,0.0,0.0,10.054,8.976,2.0,97.0,2.0,1.0,2.0
13.0,13.0,13.0,2312.0,3.0,10.0,194.0,0.0,2.0,4.0,5.0,3.0,3.0,2.0,1.0,2.0,91.0,103.0,0.0,0.0,0.0,1.0,0.0,1.0,1.0,0.0,0.0,0.0,0.0,0.0,0.0,0.0,0.0,1.0,0.0,0.0,0.0,1.0,0.0,7.172,7.117,1.0,122.0,5.0,2.0,2.0
13.0,13.0,13.0,2313.0,3.0,10.0,195.0,0.0,2.0,4.0,5.0,3.0,4.0,2.0,2.0,1.0,92.0,103.0,0.0,0.0,0.0,0.0,0.0,0.0,1.0,0.0,0.0,0.0,0.0,1.0,0.0,1.0,0.0,0.0,0.0,0.0,0.0,0.0,0.0,9.831,7.305,2.0,99.0,1.0,1.0,1.0
13.0,13.0,13.0,2314.0,3.0,10.0,196.0,0.0,2.0,4.0,5.0,4.0,4.0,2.0,1.0,2.0,92.0,104.0,0.0,0.0,0.0,0.0,0.0,0.0,1.0,0.0,0.0,0.0,0.0,0.0,0.0,0.0,0.0,1.0,0.0,0.0,0.0,1.0,0.0,3.332,5.388,1.0,127.0,3.0,2.0,2.0
13.0,13.0,13.0,2315.0,3.0,10.0,197.0,0.0,2.0,4.0,5.0,3.0,4.0,2.0,1.0,2.0,92.0,105.0,0.0,0.0,0.0,0.0,0.0,0.0,1.0,0.0,0.0,0.0,0.0,0.0,0.0,0.0,0.0,0.0,0.0,0.0,0.0,0.0,0.0,8.743,8.134,1.0,133.0,5.0,1.0,2.0
