题干,编码,选项
Q1-match_id,,
,1.0,2023-wimbledon-1301
,2.0,2023-wimbledon-1302
,3.0,2023-wimbledon-1303
,4.0,2023-wimbledon-1304
,5.0,2023-wimbledon-1305
,6.0,2023-wimbledon-1306
,7.0,2023-wimbledon-1307
,8.0,2023-wimbledon-1308
,9.0,2023-wimbledon-1309
,10.0,2023-wimbledon-1312
,11.0,2023-wimbledon-1313
,12.0,2023-wimbledon-1314
,13.0,2023-wimbledon-1315
,14.0,2023-wimbledon-1316
,15.0,2023-wimbledon-1401
,16.0,2023-wimbledon-1402
,17.0,2023-wimbledon-1403
,18.0,2023-wimbledon-1404
,19.0,2023-wimbledon-1405
,20.0,2023-wimbledon-1406
,21.0,2023-wimbledon-1407
,22.0,2023-wimbledon-1408
,23.0,2023-wimbledon-1501
,24.0,2023-wimbledon-1502
,25.0,2023-wimbledon-1503
,26.0,2023-wimbledon-1504
,27.0,2023-wimbledon-1601
,28.0,2023-wimbledon-1602
,29.0,2023-wimbledon-1701
Q2-player1,,
,1.0,Carlos Alcaraz
,2.0,Alexander Zverev
,3.0,Frances Tiafoe
,4.0,Alejandro Davidovich Fokina
,5.0,Daniil Medvedev
,6.0,Jiri Lehecka
,7.0,Christopher Eubanks
,8.0,Laslo Djere
,9.0,Jannik Sinner
,10.0,Denis Shapovalov
,11.0,Andrey Rublev
,12.0,Alexander Bublik
,13.0,Lorenzo Musetti
,14.0,Stan Wawrinka
,15.0,Grigor Dimitrov
,16.0,Roman Safiullin
,17.0,Hubert Hurkacz
Q3-player2,,
,1.0,Nicolas Jarry
,2.0,Matteo Berrettini
,3.0,Grigor Dimitrov
,4.0,Holger Rune
,5.0,Marton Fucsovics
,6.0,Tommy Paul
,7.0,Christopher O'Connell
,8.0,Stefanos Tsitsipas
,9.0,Quentin Halys
,10.0,Liam Broady
,11.0,David Goffin
,12.0,Maximilian Marterer
,13.0,Hubert Hurkacz
,14.0,Novak Djokovic
,15.0,Jiri Lehecka
,16.0,Daniel Elahi Galan
,17.0,Denis Shapovalov
,18.0,Alexander Bublik
,19.0,Christopher Eubanks
,20.0,Roman Safiullin
,21.0,Daniil Medvedev
Q4-elapsed_time,,
,1.0,00:00:00
,2.0,00:00:38
,3.0,00:01:01
,4.0,00:01:31
,5.0,00:02:50
,6.0,00:03:33
,7.0,00:04:01
,8.0,00:04:48
,9.0,00:05:32
,10.0,00:07:05
,11.0,00:07:28
,12.0,00:08:06
,13.0,00:08:41
,14.0,00:09:11
,15.0,00:09:37
,16.0,00:10:45
,17.0,00:11:47
,18.0,00:12:17
,19.0,00:12:44
,20.0,00:13:26
,21.0,00:15:31
,22.0,00:16:15
,23.0,00:17:49
,24.0,00:18:25
,25.0,00:18:50
,26.0,00:19:20
,27.0,00:20:03
,28.0,00:20:55
,29.0,00:21:27
,30.0,00:22:19
,31.0,00:24:22
,32.0,00:24:53
,33.0,00:26:05
,34.0,00:26:30
,35.0,00:26:56
,36.0,00:27:42
,37.0,00:28:37
,38.0,00:29:06
,39.0,00:29:32
,40.0,00:30:17
,41.0,00:32:34
,42.0,00:33:58
,43.0,00:34:46
,44.0,00:36:02
,45.0,00:37:18
,46.0,00:37:44
,47.0,00:38:26
,48.0,00:38:54
,49.0,00:39:29
,50.0,00:40:33
,51.0,00:41:23
,52.0,00:42:31
,53.0,00:43:18
,54.0,00:43:59
,55.0,00:44:29
,56.0,00:47:52
,57.0,00:48:17
,58.0,00:49:38
,59.0,00:50:14
,60.0,00:51:10
,61.0,00:52:21
,62.0,00:53:06
,63.0,00:54:11
,64.0,00:54:56
,65.0,00:55:20
,66.0,00:55:50
,67.0,00:57:08
,68.0,00:59:22
,69.0,01:00:17
,70.0,01:01:21
,71.0,01:02:05
,72.0,01:02:54
,73.0,01:03:50
,74.0,01:04:21
,75.0,01:05:38
,76.0,01:06:16
,77.0,01:06:46
,78.0,01:07:42
,79.0,01:08:26
,80.0,01:09:19
,81.0,01:10:24
,82.0,01:11:30
,83.0,01:12:08
,84.0,01:14:48
,85.0,01:15:27
,86.0,01:15:55
,87.0,01:16:53
,88.0,01:17:22
,89.0,01:17:48
,90.0,01:19:57
,91.0,01:20:31
,92.0,01:21:06
,93.0,01:22:15
,94.0,01:22:46
,95.0,01:23:58
,96.0,01:25:01
,97.0,01:25:32
,98.0,01:26:17
,99.0,01:26:59
,100.0,01:28:28
,101.0,01:30:29
,102.0,01:30:48
,103.0,01:31:21
,104.0,01:31:59
,105.0,01:32:45
,106.0,01:33:37
,107.0,01:34:16
,108.0,01:34:42
,109.0,01:36:28
,110.0,01:36:57
,111.0,01:38:01
,112.0,01:38:43
,113.0,01:39:56
,114.0,01:41:10
,115.0,01:41:39
,116.0,01:42:22
,117.0,01:43:15
,118.0,01:45:24
,119.0,01:45:59
,120.0,01:46:38
,121.0,01:47:17
,122.0,01:48:12
,123.0,01:49:11
,124.0,01:49:37
,125.0,01:51:32
,126.0,01:52:41
,127.0,01:53:43
,128.0,01:54:25
,129.0,01:54:57
,130.0,01:55:53
,131.0,01:56:32
,132.0,01:58:25
,133.0,01:59:04
,134.0,02:04:05
,135.0,02:04:50
,136.0,02:05:38
,137.0,02:07:02
,138.0,02:07:27
,139.0,02:08:41
,140.0,02:09:28
,141.0,02:10:00
,142.0,02:10:55
,143.0,02:11:35
,144.0,02:12:53
,145.0,02:13:38
,146.0,02:14:08
,147.0,02:15:48
,148.0,02:16:15
,149.0,02:16:58
,150.0,02:17:46
,151.0,02:18:16
,152.0,02:18:53
,153.0,02:19:39
,154.0,02:20:27
,155.0,02:22:46
,156.0,02:23:36
,157.0,02:24:21
,158.0,02:25:30
,159.0,02:25:59
,160.0,02:27:09
,161.0,02:27:35
,162.0,02:31:03
,163.0,02:32:24
,164.0,02:33:01
,165.0,02:34:04
,166.0,02:34:46
,167.0,02:35:22
,168.0,02:35:46
,169.0,02:36:15
,170.0,02:38:49
,171.0,02:39:09
,172.0,02:39:39
,173.0,02:40:34
,174.0,02:41:28
,175.0,02:43:47
,176.0,02:45:05
,177.0,02:45:58
,178.0,02:46:29
,179.0,02:49:17
,180.0,02:50:03
,181.0,02:51:12
,182.0,02:52:35
,183.0,02:54:03
,184.0,02:54:43
,185.0,02:55:53
,186.0,02:57:46
,187.0,02:58:32
,188.0,02:59:15
,189.0,02:59:48
,190.0,03:00:40
,191.0,03:01:47
,192.0,03:03:27
,193.0,03:04:06
,194.0,03:05:36
,195.0,03:06:16
,196.0,03:07:38
,197.0,03:09:02
,198.0,03:09:55
,199.0,03:10:27
,200.0,03:12:34
,201.0,03:12:51
,202.0,03:13:47
,203.0,03:14:07
,204.0,03:15:53
,205.0,03:16:58
,206.0,03:17:22
,207.0,03:17:55
,208.0,03:18:44
,209.0,03:19:13
,210.0,03:19:46
,211.0,03:20:21
,212.0,03:23:55
,213.0,03:25:03
,214.0,03:27:02
,215.0,03:28:56
,216.0,03:29:21
,217.0,03:29:54
,218.0,03:30:31
,219.0,03:32:27
,220.0,03:33:01
,221.0,03:34:24
,222.0,03:34:53
,223.0,03:35:32
,224.0,03:35:54
,225.0,03:36:52
,226.0,03:37:21
,227.0,03:39:32
,228.0,03:40:14
,229.0,03:41:00
,230.0,03:41:32
,231.0,03:42:16
,232.0,03:42:48
,233.0,03:43:49
,234.0,03:44:23
,235.0,03:45:10
,236.0,03:45:48
,237.0,03:46:28
,238.0,03:47:15
,239.0,03:47:51
,240.0,03:48:58
,241.0,03:50:55
,242.0,03:52:30
,243.0,03:53:25
,244.0,03:54:01
,245.0,03:55:02
,246.0,03:55:34
,247.0,03:56:11
,248.0,00:00:36
,249.0,00:00:58
,250.0,00:01:52
,251.0,00:03:12
,252.0,00:03:37
,253.0,00:04:45
,254.0,00:05:08
,255.0,00:06:07
,256.0,00:07:26
,257.0,00:07:52
,258.0,00:08:33
,259.0,00:09:00
,260.0,00:09:38
,261.0,00:10:00
,262.0,00:10:46
,263.0,00:11:13
,264.0,00:11:40
,265.0,00:14:11
,266.0,00:14:42
,267.0,00:15:09
,268.0,00:15:54
,269.0,00:16:30
,270.0,00:17:38
,271.0,00:17:59
,272.0,00:19:07
,273.0,00:20:46
,274.0,00:21:20
,275.0,00:22:18
,276.0,00:22:42
,277.0,00:23:04
,278.0,00:23:48
,279.0,00:24:32
,280.0,00:26:43
,281.0,00:27:19
,282.0,00:27:46
,283.0,00:28:29
,284.0,00:29:22
,285.0,00:30:22
,286.0,00:31:01
,287.0,00:31:26
,288.0,00:31:55
,289.0,00:32:23
,290.0,00:32:50
,291.0,00:35:02
,292.0,00:35:26
,293.0,00:35:54
,294.0,00:36:23
,295.0,00:37:24
,296.0,00:37:52
,297.0,00:39:01
,298.0,00:43:22
,299.0,00:44:09
,300.0,00:44:45
,301.0,00:45:22
,302.0,00:46:04
,303.0,00:46:39
,304.0,00:47:13
,305.0,00:48:56
,306.0,00:49:37
,307.0,00:50:25
,308.0,00:51:27
,309.0,00:52:07
,310.0,00:52:37
,311.0,00:53:04
,312.0,00:53:22
,313.0,00:56:02
,314.0,00:56:22
,315.0,00:56:47
,316.0,00:57:43
,317.0,00:58:14
,318.0,00:59:10
,319.0,01:00:08
,320.0,01:01:30
,321.0,01:02:19
,322.0,01:49:03
,323.0,01:51:01
,324.0,01:51:40
,325.0,01:52:17
,326.0,01:53:06
,327.0,01:55:12
,328.0,01:56:07
,329.0,01:56:28
,330.0,01:56:54
,331.0,01:58:32
,332.0,01:59:03
,333.0,01:59:32
,334.0,02:00:16
,335.0,02:01:41
,336.0,02:02:24
,337.0,02:02:58
,338.0,02:03:30
,339.0,02:06:39
,340.0,02:07:13
,341.0,02:07:45
,342.0,02:08:24
,343.0,02:11:25
,344.0,02:11:46
,345.0,02:12:20
,346.0,02:12:59
,347.0,02:13:45
,348.0,02:14:38
,349.0,02:15:36
,350.0,02:15:58
,351.0,02:16:50
,352.0,02:17:22
,353.0,02:18:36
,354.0,02:20:04
,355.0,02:21:06
,356.0,02:21:57
,357.0,02:22:41
,358.0,02:24:53
,359.0,02:25:14
,360.0,02:26:16
,361.0,02:26:39
,362.0,02:27:18
,363.0,02:28:04
,364.0,02:28:46
,365.0,02:29:31
,366.0,02:32:13
,367.0,02:33:23
,368.0,02:33:53
,369.0,02:35:52
,370.0,02:36:27
,371.0,02:37:18
,372.0,02:39:32
,373.0,02:40:04
,374.0,02:40:43
,375.0,02:41:17
,376.0,02:42:13
,377.0,02:43:01
,378.0,02:43:58
,379.0,02:44:59
,380.0,02:45:37
,381.0,02:46:10
,382.0,02:47:19
,383.0,02:48:21
,384.0,02:48:49
,385.0,02:49:15
,386.0,02:49:40
,387.0,02:50:15
,388.0,02:51:13
,389.0,02:52:05
,390.0,02:54:18
,391.0,02:54:39
,392.0,02:55:26
,393.0,02:55:56
,394.0,02:56:42
,395.0,02:57:08
,396.0,02:57:58
,397.0,02:59:07
,398.0,03:01:13
,399.0,03:02:09
,400.0,03:02:41
,401.0,03:03:06
,402.0,03:04:09
,403.0,03:05:59
,404.0,03:07:56
,405.0,03:08:25
,406.0,03:09:27
,407.0,03:10:52
,408.0,03:11:31
,409.0,03:12:05
,410.0,03:12:44
,411.0,00:00:33
,412.0,00:01:04
,413.0,00:01:36
,414.0,00:02:48
,415.0,00:03:09
,416.0,00:03:49
,417.0,00:04:55
,418.0,00:05:29
,419.0,00:07:59
,420.0,00:08:25
,421.0,00:09:01
,422.0,00:09:29
,423.0,00:11:37
,424.0,00:12:07
,425.0,00:12:36
,426.0,00:13:04
,427.0,00:13:58
,428.0,00:14:53
,429.0,00:17:23
,430.0,00:17:47
,431.0,00:18:19
,432.0,00:19:46
,433.0,00:20:54
,434.0,00:21:51
,435.0,00:23:41
,436.0,00:24:05
,437.0,00:24:46
,438.0,00:25:38
,439.0,00:26:19
,440.0,00:27:06
,441.0,00:29:30
,442.0,00:30:20
,443.0,00:30:51
,444.0,00:31:24
,445.0,00:31:42
,446.0,00:34:40
,447.0,00:34:59
,448.0,00:35:44
,449.0,00:36:29
,450.0,00:37:00
,451.0,00:37:21
,452.0,00:38:01
,453.0,00:38:51
,454.0,00:39:25
,455.0,00:42:07
,456.0,00:42:47
,457.0,00:43:28
,458.0,00:44:13
,459.0,00:44:50
,460.0,00:45:18
,461.0,00:46:15
,462.0,00:48:00
,463.0,00:49:16
,464.0,00:49:59
,465.0,00:50:36
,466.0,00:52:22
,467.0,00:53:26
,468.0,00:54:22
,469.0,1900-01-01 00:56:34
,470.0,1900-01-01 00:57:00
,471.0,1900-01-01 00:57:30
,472.0,1900-01-01 00:58:22
,473.0,1900-01-01 00:58:44
,474.0,1900-01-01 01:00:18
,475.0,1900-01-01 01:00:51
,476.0,1900-01-01 01:01:49
,477.0,1900-01-01 01:06:59
,478.0,1900-01-01 01:07:49
,479.0,1900-01-01 01:08:11
,480.0,1900-01-01 01:08:55
,481.0,1900-01-01 01:09:22
,482.0,1900-01-01 01:10:38
,483.0,1900-01-01 01:11:46
,484.0,1900-01-01 01:12:11
,485.0,1900-01-01 01:13:03
,486.0,1900-01-01 01:13:38
,487.0,1900-01-01 01:14:21
,488.0,1900-01-01 01:15:11
,489.0,1900-01-01 01:16:00
,490.0,1900-01-01 01:18:08
,491.0,1900-01-01 01:18:26
,492.0,1900-01-01 01:18:50
,493.0,1900-01-01 01:19:16
,494.0,1900-01-01 01:19:48
,495.0,1900-01-01 01:21:11
,496.0,1900-01-01 01:22:06
,497.0,1900-01-01 01:23:13
,498.0,1900-01-01 01:23:56
,499.0,1900-01-01 01:25:59
,500.0,1900-01-01 01:26:36
,501.0,1900-01-01 01:27:17
,502.0,1900-01-01 01:27:41
,503.0,1900-01-01 01:28:12
,504.0,1900-01-01 01:29:39
,505.0,1900-01-01 01:30:13
,506.0,1900-01-01 01:30:48
,507.0,1900-01-01 01:31:52
,508.0,1900-01-01 01:35:02
,509.0,1900-01-01 01:35:40
,510.0,1900-01-01 01:36:39
,511.0,1900-01-01 01:37:17
,512.0,1900-01-01 01:37:54
,513.0,00:00:41
,514.0,00:01:09
,515.0,00:01:29
,516.0,00:03:10
,517.0,00:04:13
,518.0,00:04:57
,519.0,00:05:59
,520.0,00:06:30
,521.0,00:08:24
,522.0,00:09:31
,523.0,00:10:03
,524.0,00:10:25
,525.0,00:11:15
,526.0,00:12:03
,527.0,00:12:30
,528.0,00:13:52
,529.0,00:14:41
,530.0,00:15:00
,531.0,00:15:17
,532.0,00:15:47
,533.0,00:17:28
,534.0,00:17:45
,535.0,00:18:43
,536.0,00:19:45
,537.0,00:20:19
,538.0,00:21:11
,539.0,00:22:12
,540.0,00:22:40
,541.0,00:23:16
,542.0,00:23:37
,543.0,00:24:18
,544.0,00:24:42
,545.0,00:25:05
,546.0,00:25:46
,547.0,00:26:09
,548.0,00:28:12
,549.0,00:28:47
,550.0,00:29:13
,551.0,00:29:49
,552.0,00:30:26
,553.0,00:30:56
,554.0,00:31:37
,555.0,00:32:18
,556.0,00:33:09
,557.0,00:33:37
,558.0,00:34:42
,559.0,00:37:19
,560.0,00:38:00
,561.0,00:38:23
,562.0,00:38:49
,563.0,00:41:14
,564.0,00:41:35
,565.0,00:42:12
,566.0,00:42:39
,567.0,00:43:35
,568.0,00:44:08
,569.0,00:45:24
,570.0,00:46:12
,571.0,00:48:41
,572.0,00:49:32
,573.0,00:50:54
,574.0,00:51:44
,575.0,00:53:36
,576.0,00:54:03
,577.0,00:54:28
,578.0,00:55:08
,579.0,00:55:42
,580.0,00:56:00
,581.0,00:56:40
,582.0,00:57:05
,583.0,00:58:00
,584.0,00:58:40
,585.0,00:59:47
,586.0,01:00:35
,587.0,01:01:41
,588.0,01:02:09
,589.0,01:03:19
,590.0,01:03:35
,591.0,01:04:06
,592.0,01:05:19
,593.0,01:07:28
,594.0,01:07:56
,595.0,01:08:32
,596.0,01:09:22
,597.0,01:09:44
,598.0,01:10:08
,599.0,01:10:26
,600.0,01:12:07
,601.0,01:12:32
,602.0,01:13:15
,603.0,01:13:40
,604.0,01:18:09
,605.0,01:18:32
,606.0,01:19:31
,607.0,01:20:24
,608.0,01:49:12
,609.0,01:49:33
,610.0,01:50:19
,611.0,01:50:48
,612.0,01:51:20
,613.0,01:51:47
,614.0,01:52:28
,615.0,01:52:54
,616.0,01:53:32
,617.0,01:55:22
,618.0,01:55:49
,619.0,01:56:15
,620.0,01:56:33
,621.0,01:56:58
,622.0,01:57:22
,623.0,01:58:10
,624.0,01:58:31
,625.0,02:00:20
,626.0,02:00:50
,627.0,02:01:17
,628.0,02:01:39
,629.0,02:02:36
,630.0,02:03:32
,631.0,02:04:45
,632.0,02:05:44
,633.0,02:06:11
,634.0,02:06:27
,635.0,02:09:05
,636.0,02:09:52
,637.0,02:10:20
,638.0,02:11:00
,639.0,02:11:40
,640.0,02:12:06
,641.0,02:12:40
,642.0,02:13:30
,643.0,02:14:22
,644.0,02:15:09
,645.0,02:16:28
,646.0,02:17:14
,647.0,02:18:02
,648.0,02:18:18
,649.0,02:18:34
,650.0,02:18:57
,651.0,02:19:09
,652.0,02:19:27
,653.0,02:20:00
,654.0,02:20:44
,655.0,02:25:18
,656.0,02:25:36
,657.0,02:26:14
,658.0,02:26:54
,659.0,02:27:22
,660.0,02:28:44
,661.0,02:29:26
,662.0,02:30:38
,663.0,02:31:38
,664.0,02:33:16
,665.0,02:33:39
,666.0,02:34:13
,667.0,02:34:45
,668.0,02:35:08
,669.0,02:37:09
,670.0,02:37:28
,671.0,02:38:25
,672.0,02:39:02
,673.0,02:39:17
,674.0,02:39:54
,675.0,02:40:29
,676.0,02:40:51
,677.0,02:41:15
,678.0,02:41:57
,679.0,02:42:36
,680.0,02:43:36
,681.0,02:44:20
,682.0,02:44:39
,683.0,02:46:24
,684.0,02:47:27
,685.0,02:48:07
,686.0,02:50:01
,687.0,02:50:28
,688.0,02:51:03
,689.0,02:51:21
,690.0,02:53:11
,691.0,02:53:39
,692.0,02:54:20
,693.0,02:54:59
,694.0,02:56:28
,695.0,02:57:48
,696.0,02:58:45
,697.0,02:59:09
,698.0,02:59:34
,699.0,03:01:27
,700.0,03:03:17
,701.0,03:03:38
,702.0,03:04:45
,703.0,03:05:23
,704.0,03:05:54
,705.0,03:06:37
,706.0,03:11:47
,707.0,03:12:18
,708.0,03:13:05
,709.0,03:13:30
,710.0,03:14:39
,711.0,03:15:46
,712.0,03:16:09
,713.0,03:16:49
,714.0,03:17:48
,715.0,03:18:31
,716.0,03:19:03
,717.0,03:19:45
,718.0,03:21:23
,719.0,03:22:58
,720.0,03:23:44
,721.0,03:24:01
,722.0,03:24:17
,723.0,03:26:10
,724.0,03:26:27
,725.0,03:27:41
,726.0,03:28:48
,727.0,03:31:07
,728.0,03:31:40
,729.0,03:32:25
,730.0,03:33:07
,731.0,03:33:36
,732.0,03:34:47
,733.0,03:35:11
,734.0,03:35:57
,735.0,03:36:29
,736.0,03:39:00
,737.0,03:39:19
,738.0,03:40:24
,739.0,03:40:50
,740.0,03:42:09
,741.0,03:42:45
,742.0,03:43:13
,743.0,03:44:56
,744.0,03:45:14
,745.0,03:45:57
,746.0,03:46:57
,747.0,03:47:24
,748.0,03:48:00
,749.0,03:49:23
,750.0,03:51:17
,751.0,03:53:14
,752.0,03:54:26
,753.0,03:55:36
,754.0,03:55:58
,755.0,03:56:40
,756.0,03:57:20
,757.0,03:57:55
,758.0,03:58:38
,759.0,03:59:28
,760.0,04:00:06
,761.0,04:00:29
,762.0,04:01:12
,763.0,04:03:05
,764.0,04:04:08
,765.0,04:04:49
,766.0,04:06:02
,767.0,04:06:28
,768.0,04:07:03
,769.0,04:07:48
,770.0,04:08:36
,771.0,04:09:20
,772.0,04:10:33
,773.0,04:11:18
,774.0,04:11:58
,775.0,04:12:32
,776.0,04:13:14
,777.0,04:13:56
,778.0,04:15:15
,779.0,04:17:00
,780.0,04:17:52
,781.0,04:18:29
,782.0,04:19:56
,783.0,00:01:11
,784.0,00:01:39
,785.0,00:03:07
,786.0,00:04:30
,787.0,00:05:20
,788.0,00:07:16
,789.0,00:08:58
,790.0,00:09:16
,791.0,00:09:42
,792.0,00:10:08
,793.0,00:10:40
,794.0,00:11:22
,795.0,00:13:49
,796.0,00:14:15
,797.0,00:14:43
,798.0,00:15:56
,799.0,00:16:26
,800.0,00:16:50
,801.0,00:17:07
,802.0,00:18:03
,803.0,00:18:36
,804.0,00:18:57
,805.0,00:19:12
,806.0,00:19:34
,807.0,00:20:13
,808.0,00:22:44
,809.0,00:23:52
,810.0,00:25:16
,811.0,00:25:48
,812.0,00:26:38
,813.0,00:27:09
,814.0,00:28:13
,815.0,00:30:04
,816.0,00:30:50
,817.0,00:31:23
,818.0,00:32:45
,819.0,00:33:10
,820.0,00:33:31
,821.0,00:33:51
,822.0,00:34:26
,823.0,00:36:45
,824.0,00:37:53
,825.0,00:40:18
,826.0,00:40:46
,827.0,00:41:10
,828.0,00:41:32
,829.0,00:41:52
,830.0,00:42:32
,831.0,00:44:33
,832.0,00:45:01
,833.0,00:45:51
,834.0,00:46:18
,835.0,00:47:15
,836.0,00:48:07
,837.0,00:49:22
,838.0,00:49:42
,839.0,00:50:05
,840.0,00:51:12
,841.0,00:52:10
,842.0,00:52:36
,843.0,00:54:46
,844.0,00:55:16
,845.0,00:56:56
,846.0,00:58:13
,847.0,00:58:57
,848.0,00:59:44
,849.0,01:00:11
,850.0,01:00:36
,851.0,01:02:01
,852.0,01:05:01
,853.0,01:05:46
,854.0,01:06:11
,855.0,01:07:01
,856.0,01:07:48
,857.0,01:08:12
,858.0,01:08:30
,859.0,01:10:49
,860.0,01:11:33
,861.0,01:12:35
,862.0,01:13:00
,863.0,01:14:03
,864.0,01:14:41
,865.0,01:14:57
,866.0,01:15:38
,867.0,01:17:17
,868.0,01:20:26
,869.0,01:21:12
,870.0,01:21:46
,871.0,01:23:06
,872.0,01:24:36
,873.0,01:25:39
,874.0,01:25:59
,875.0,01:26:27
,876.0,01:29:06
,877.0,01:31:57
,878.0,01:32:15
,879.0,01:32:49
,880.0,01:33:44
,881.0,01:34:03
,882.0,01:34:41
,883.0,01:35:24
,884.0,01:35:48
,885.0,01:37:54
,886.0,01:38:38
,887.0,01:39:03
,888.0,01:39:28
,889.0,01:41:12
,890.0,01:42:36
,891.0,01:43:35
,892.0,01:44:20
,893.0,01:44:50
,894.0,01:46:30
,895.0,01:46:58
,896.0,01:47:22
,897.0,01:48:15
,898.0,01:48:41
,899.0,01:49:36
,900.0,01:50:23
,901.0,01:50:41
,902.0,01:51:22
,903.0,01:52:40
,904.0,01:54:02
,905.0,01:54:55
,906.0,01:57:14
,907.0,01:58:12
,908.0,01:59:11
,909.0,01:59:58
,910.0,02:01:53
,911.0,02:03:57
,912.0,02:05:06
,913.0,02:15:15
,914.0,02:16:45
,915.0,02:18:24
,916.0,02:19:01
,917.0,02:19:25
,918.0,02:21:46
,919.0,02:22:38
,920.0,02:23:19
,921.0,02:24:22
,922.0,02:25:19
,923.0,02:26:48
,924.0,02:28:09
,925.0,02:36:02
,926.0,02:36:25
,927.0,02:36:44
,928.0,02:37:11
,929.0,02:38:58
,930.0,02:39:46
,931.0,02:40:32
,932.0,02:40:59
,933.0,02:41:36
,934.0,02:42:28
,935.0,02:43:19
,936.0,02:45:24
,937.0,02:45:39
,938.0,02:46:13
,939.0,02:46:38
,940.0,02:47:05
,941.0,02:47:57
,942.0,02:48:35
,943.0,02:49:07
,944.0,02:49:30
,945.0,02:51:11
,946.0,02:51:35
,947.0,02:51:55
,948.0,02:53:25
,949.0,02:53:46
,950.0,02:54:15
,951.0,02:54:56
,952.0,02:55:38
,953.0,02:56:08
,954.0,02:56:32
,955.0,02:57:07
,956.0,02:58:30
,957.0,02:59:51
,958.0,03:02:28
,959.0,03:03:07
,960.0,03:03:37
,961.0,03:03:54
,962.0,03:04:23
,963.0,00:00:35
,964.0,00:03:01
,965.0,00:04:25
,966.0,00:05:49
,967.0,00:06:44
,968.0,00:07:14
,969.0,00:07:49
,970.0,00:09:30
,971.0,00:11:28
,972.0,00:12:15
,973.0,00:13:37
,974.0,00:14:34
,975.0,00:15:33
,976.0,00:16:27
,977.0,00:16:51
,978.0,00:17:22
,979.0,00:18:29
,980.0,00:20:23
,981.0,00:21:14
,982.0,00:21:47
,983.0,00:22:24
,984.0,00:23:31
,985.0,00:24:12
,986.0,00:24:52
,987.0,00:25:24
,988.0,00:26:06
,989.0,00:27:39
,990.0,00:28:32
,991.0,00:29:04
,992.0,00:31:43
,993.0,00:32:30
,994.0,00:33:05
,995.0,00:33:54
,996.0,00:34:18
,997.0,00:34:38
,998.0,00:35:28
,999.0,00:36:12
,1000.0,00:36:40
,1001.0,00:37:27
,1002.0,00:38:15
,1003.0,00:38:44
,1004.0,00:39:57
,1005.0,00:40:29
,1006.0,00:41:02
,1007.0,00:41:34
,1008.0,00:42:30
,1009.0,00:44:10
,1010.0,00:44:47
,1011.0,00:45:23
,1012.0,00:46:24
,1013.0,00:47:04
,1014.0,00:47:50
,1015.0,00:48:40
,1016.0,00:51:05
,1017.0,00:51:32
,1018.0,00:52:19
,1019.0,00:53:37
,1020.0,00:54:02
,1021.0,00:54:23
,1022.0,00:54:55
,1023.0,00:56:34
,1024.0,00:56:58
,1025.0,00:57:37
,1026.0,00:58:16
,1027.0,00:59:18
,1028.0,00:59:57
,1029.0,01:01:43
,1030.0,01:02:02
,1031.0,01:03:00
,1032.0,01:03:26
,1033.0,01:04:17
,1034.0,01:04:43
,1035.0,01:06:39
,1036.0,01:07:12
,1037.0,01:07:54
,1038.0,01:08:31
,1039.0,01:10:27
,1040.0,01:10:47
,1041.0,01:11:29
,1042.0,01:12:20
,1043.0,01:13:04
,1044.0,01:14:10
,1045.0,01:15:22
,1046.0,01:21:56
,1047.0,01:22:45
,1048.0,01:23:32
,1049.0,01:23:50
,1050.0,01:24:41
,1051.0,01:24:57
,1052.0,01:25:13
,1053.0,01:25:33
,1054.0,01:25:57
,1055.0,01:26:36
,1056.0,01:27:04
,1057.0,01:27:34
,1058.0,03:45:29
,1059.0,03:45:56
,1060.0,03:46:27
,1061.0,03:48:08
,1062.0,03:48:23
,1063.0,03:49:38
,1064.0,03:50:14
,1065.0,03:51:05
,1066.0,03:51:24
,1067.0,03:52:02
,1068.0,03:52:33
,1069.0,03:54:14
,1070.0,03:54:48
,1071.0,03:55:10
,1072.0,03:56:08
,1073.0,03:57:11
,1074.0,03:57:35
,1075.0,03:58:05
,1076.0,03:59:52
,1077.0,04:00:21
,1078.0,04:00:59
,1079.0,04:01:25
,1080.0,04:02:07
,1081.0,04:02:43
,1082.0,04:03:10
,1083.0,04:03:59
,1084.0,04:05:45
,1085.0,04:06:18
,1086.0,04:06:33
,1087.0,04:07:20
,1088.0,04:09:14
,1089.0,04:09:55
,1090.0,04:10:23
,1091.0,04:12:35
,1092.0,04:13:10
,1093.0,04:13:47
,1094.0,04:14:21
,1095.0,04:14:49
,1096.0,04:15:23
,1097.0,04:15:49
,1098.0,04:16:47
,1099.0,04:18:36
,1100.0,04:20:19
,1101.0,04:20:44
,1102.0,04:21:38
,1103.0,04:22:16
,1104.0,04:25:27
,1105.0,04:25:45
,1106.0,04:26:05
,1107.0,04:26:43
,1108.0,04:27:04
,1109.0,04:28:04
,1110.0,04:28:22
,1111.0,04:28:46
,1112.0,04:29:23
,1113.0,04:30:26
,1114.0,04:31:15
,1115.0,04:31:33
,1116.0,04:32:04
,1117.0,04:33:34
,1118.0,04:35:04
,1119.0,04:35:24
,1120.0,04:35:47
,1121.0,04:36:24
,1122.0,04:36:49
,1123.0,04:37:47
,1124.0,04:38:22
,1125.0,04:38:52
,1126.0,04:39:30
,1127.0,04:40:34
,1128.0,04:41:08
,1129.0,04:41:42
,1130.0,04:42:17
,1131.0,04:42:41
,1132.0,04:43:15
,1133.0,04:43:38
,1134.0,04:45:16
,1135.0,04:46:05
,1136.0,04:46:43
,1137.0,04:47:50
,1138.0,04:48:17
,1139.0,04:49:01
,1140.0,04:49:30
,1141.0,04:50:11
,1142.0,04:50:34
,1143.0,04:50:55
,1144.0,04:51:18
,1145.0,04:51:53
,1146.0,04:52:37
,1147.0,04:54:23
,1148.0,04:55:05
,1149.0,04:55:29
,1150.0,04:56:16
,1151.0,04:57:07
,1152.0,04:57:52
,1153.0,04:58:45
,1154.0,04:59:05
,1155.0,04:59:23
,1156.0,04:59:48
,1157.0,05:01:32
,1158.0,05:02:01
,1159.0,05:02:33
,1160.0,05:02:52
,1161.0,05:03:32
,1162.0,05:04:07
,1163.0,05:05:00
,1164.0,05:05:41
,1165.0,05:06:31
,1166.0,05:06:57
,1167.0,05:07:15
,1168.0,05:07:31
,1169.0,05:30:06
,1170.0,05:31:07
,1171.0,05:31:34
,1172.0,05:32:19
,1173.0,05:33:15
,1174.0,05:33:50
,1175.0,05:34:47
,1176.0,05:35:36
,1177.0,05:35:54
,1178.0,05:36:20
,1179.0,05:37:20
,1180.0,05:37:56
,1181.0,05:38:46
,1182.0,05:39:25
,1183.0,05:40:50
,1184.0,05:41:58
,1185.0,05:42:27
,1186.0,05:43:02
,1187.0,05:43:30
,1188.0,05:45:08
,1189.0,05:45:59
,1190.0,05:46:41
,1191.0,05:51:51
,1192.0,05:52:12
,1193.0,05:52:45
,1194.0,05:53:53
,1195.0,05:54:21
,1196.0,05:55:02
,1197.0,05:55:47
,1198.0,05:56:21
,1199.0,05:56:45
,1200.0,05:57:25
,1201.0,05:57:51
,1202.0,05:58:51
,1203.0,05:59:16
,1204.0,05:59:40
,1205.0,06:00:27
,1206.0,06:02:11
,1207.0,06:02:41
,1208.0,06:03:01
,1209.0,06:03:18
,1210.0,06:03:47
,1211.0,06:04:20
,1212.0,06:04:36
,1213.0,06:05:23
,1214.0,06:06:58
,1215.0,06:07:46
,1216.0,06:08:17
,1217.0,06:08:42
,1218.0,06:09:22
,1219.0,06:10:04
,1220.0,06:10:56
,1221.0,06:11:26
,1222.0,06:12:17
,1223.0,06:12:35
,1224.0,06:14:39
,1225.0,06:16:44
,1226.0,06:17:10
,1227.0,06:17:31
,1228.0,06:18:09
,1229.0,06:19:08
,1230.0,06:19:45
,1231.0,00:00:15
,1232.0,00:01:26
,1233.0,00:02:12
,1234.0,00:03:04
,1235.0,00:04:05
,1236.0,00:05:42
,1237.0,00:06:04
,1238.0,00:07:33
,1239.0,00:08:16
,1240.0,00:09:18
,1241.0,00:11:24
,1242.0,00:11:46
,1243.0,00:12:12
,1244.0,02:38:38
,1245.0,02:39:12
,1246.0,02:39:40
,1247.0,02:40:07
,1248.0,02:42:09
,1249.0,02:42:42
,1250.0,02:43:16
,1251.0,02:43:54
,1252.0,02:44:28
,1253.0,02:44:56
,1254.0,02:46:12
,1255.0,02:47:22
,1256.0,02:48:00
,1257.0,02:48:54
,1258.0,02:49:24
,1259.0,02:50:04
,1260.0,02:51:08
,1261.0,02:52:57
,1262.0,02:53:32
,1263.0,02:54:02
,1264.0,02:55:37
,1265.0,02:57:27
,1266.0,02:58:34
,1267.0,02:59:44
,1268.0,03:01:22
,1269.0,03:01:42
,1270.0,03:02:00
,1271.0,03:02:20
,1272.0,03:04:41
,1273.0,03:07:12
,1274.0,03:09:10
,1275.0,03:09:35
,1276.0,03:10:48
,1277.0,03:11:11
,1278.0,03:12:36
,1279.0,03:13:36
,1280.0,03:15:09
,1281.0,03:16:54
,1282.0,03:17:34
,1283.0,03:18:05
,1284.0,03:20:42
,1285.0,03:21:56
,1286.0,03:23:05
,1287.0,03:23:29
,1288.0,03:24:08
,1289.0,03:24:37
,1290.0,03:25:09
,1291.0,03:25:39
,1292.0,03:26:30
,1293.0,03:29:11
,1294.0,03:30:25
,1295.0,03:32:34
,1296.0,03:32:56
,1297.0,03:35:10
,1298.0,03:35:49
,1299.0,03:36:24
,1300.0,03:36:53
,1301.0,03:37:43
,1302.0,03:41:36
,1303.0,03:42:59
,1304.0,03:43:41
,1305.0,03:45:00
,1306.0,03:45:21
,1307.0,03:45:52
,1308.0,03:46:12
,1309.0,03:48:03
,1310.0,03:48:40
,1311.0,03:49:20
,1312.0,03:50:04
,1313.0,03:51:01
,1314.0,03:51:47
,1315.0,03:52:53
,1316.0,04:13:40
,1317.0,04:14:28
,1318.0,04:14:56
,1319.0,04:15:19
,1320.0,04:16:29
,1321.0,04:18:08
,1322.0,04:19:24
,1323.0,04:20:02
,1324.0,04:20:30
,1325.0,04:21:02
,1326.0,04:23:38
,1327.0,04:24:27
,1328.0,04:25:24
,1329.0,04:27:10
,1330.0,04:27:55
,1331.0,04:28:33
,1332.0,04:28:53
,1333.0,04:29:12
,1334.0,04:29:56
,1335.0,04:31:08
,1336.0,04:34:04
,1337.0,04:35:40
,1338.0,04:36:00
,1339.0,04:36:28
,1340.0,04:38:10
,1341.0,04:38:36
,1342.0,04:39:34
,1343.0,04:40:07
,1344.0,04:40:45
,1345.0,04:41:45
,1346.0,04:43:29
,1347.0,04:44:28
,1348.0,04:44:48
,1349.0,04:46:27
,1350.0,04:49:08
,1351.0,04:49:36
,1352.0,04:49:55
,1353.0,04:50:13
,1354.0,04:51:01
,1355.0,04:52:38
,1356.0,04:53:06
,1357.0,04:53:50
,1358.0,04:54:17
,1359.0,04:55:55
,1360.0,04:56:45
,1361.0,04:58:00
,1362.0,04:59:02
,1363.0,04:59:39
,1364.0,05:00:21
,1365.0,05:00:43
,1366.0,05:01:11
,1367.0,05:02:35
,1368.0,05:03:23
,1369.0,05:04:06
,1370.0,05:05:01
,1371.0,05:06:47
,1372.0,05:07:09
,1373.0,05:07:43
,1374.0,05:08:07
,1375.0,05:08:47
,1376.0,05:09:12
,1377.0,05:10:19
,1378.0,05:11:26
,1379.0,05:12:11
,1380.0,05:13:40
,1381.0,05:14:06
,1382.0,05:14:45
,1383.0,05:15:45
,1384.0,05:16:15
,1385.0,05:16:48
,1386.0,00:00:16
,1387.0,00:00:39
,1388.0,00:01:08
,1389.0,00:02:20
,1390.0,00:03:56
,1391.0,00:04:38
,1392.0,00:05:18
,1393.0,00:05:58
,1394.0,00:06:23
,1395.0,00:06:43
,1396.0,00:07:36
,1397.0,00:08:05
,1398.0,00:08:30
,1399.0,00:09:02
,1400.0,00:10:11
,1401.0,00:12:18
,1402.0,00:12:51
,1403.0,00:13:14
,1404.0,00:14:19
,1405.0,00:15:01
,1406.0,00:15:30
,1407.0,00:16:02
,1408.0,00:16:40
,1409.0,00:16:57
,1410.0,00:17:42
,1411.0,00:18:39
,1412.0,00:18:58
,1413.0,00:21:01
,1414.0,00:21:22
,1415.0,00:21:43
,1416.0,00:22:50
,1417.0,00:23:15
,1418.0,00:23:35
,1419.0,00:25:49
,1420.0,00:26:21
,1421.0,00:27:01
,1422.0,00:28:39
,1423.0,00:29:31
,1424.0,00:30:11
,1425.0,00:31:03
,1426.0,00:31:40
,1427.0,00:34:58
,1428.0,00:36:08
,1429.0,00:40:06
,1430.0,00:41:57
,1431.0,00:42:18
,1432.0,00:42:54
,1433.0,00:43:25
,1434.0,00:44:04
,1435.0,00:55:02
,1436.0,00:56:45
,1437.0,00:57:22
,1438.0,00:57:42
,1439.0,00:58:06
,1440.0,00:58:27
,1441.0,00:59:16
,1442.0,00:59:42
,1443.0,01:00:22
,1444.0,01:01:58
,1445.0,01:02:16
,1446.0,01:02:45
,1447.0,01:03:04
,1448.0,01:03:23
,1449.0,01:04:03
,1450.0,01:04:42
,1451.0,01:05:10
,1452.0,01:05:58
,1453.0,01:06:49
,1454.0,01:07:16
,1455.0,01:08:00
,1456.0,01:08:23
,1457.0,01:11:05
,1458.0,01:11:26
,1459.0,01:12:00
,1460.0,01:12:34
,1461.0,01:13:17
,1462.0,01:15:44
,1463.0,01:16:14
,1464.0,01:16:46
,1465.0,01:17:08
,1466.0,01:19:00
,1467.0,01:19:30
,1468.0,01:21:01
,1469.0,01:21:55
,1470.0,01:24:34
,1471.0,01:25:30
,1472.0,01:26:04
,1473.0,01:26:23
,1474.0,01:26:52
,1475.0,01:27:26
,1476.0,01:27:54
,1477.0,01:28:27
,1478.0,01:28:49
,1479.0,01:29:08
,1480.0,01:30:12
,1481.0,01:30:30
,1482.0,01:32:19
,1483.0,01:32:55
,1484.0,01:33:42
,1485.0,01:34:32
,1486.0,01:34:59
,1487.0,01:35:34
,1488.0,01:36:25
,1489.0,01:36:49
,1490.0,01:37:51
,1491.0,01:38:40
,1492.0,01:39:12
,1493.0,01:39:39
,1494.0,01:40:29
,1495.0,01:40:49
,1496.0,01:43:56
,1497.0,01:44:21
,1498.0,01:44:39
,1499.0,01:45:38
,1500.0,01:47:25
,1501.0,01:48:04
,1502.0,01:48:22
,1503.0,01:49:27
,1504.0,01:50:07
,1505.0,01:50:49
,1506.0,01:51:25
,1507.0,01:52:00
,1508.0,01:53:52
,1509.0,01:54:27
,1510.0,01:54:56
,1511.0,01:55:52
,1512.0,01:56:10
,1513.0,01:58:14
,1514.0,01:58:30
,1515.0,01:59:13
,1516.0,02:00:15
,1517.0,02:00:33
,1518.0,02:01:04
,1519.0,02:01:25
,1520.0,02:01:59
,1521.0,02:04:13
,1522.0,02:04:30
,1523.0,02:04:48
,1524.0,02:05:23
,1525.0,02:07:06
,1526.0,02:07:24
,1527.0,02:09:31
,1528.0,02:10:16
,1529.0,02:10:56
,1530.0,00:01:15
,1531.0,00:02:06
,1532.0,00:02:38
,1533.0,00:03:55
,1534.0,00:05:00
,1535.0,00:06:34
,1536.0,00:07:07
,1537.0,00:08:50
,1538.0,00:09:28
,1539.0,00:11:09
,1540.0,00:12:06
,1541.0,00:14:09
,1542.0,00:15:13
,1543.0,00:16:58
,1544.0,00:18:02
,1545.0,00:19:06
,1546.0,00:20:00
,1547.0,00:20:37
,1548.0,00:21:26
,1549.0,00:22:00
,1550.0,00:22:47
,1551.0,00:24:40
,1552.0,00:25:01
,1553.0,00:27:24
,1554.0,00:30:57
,1555.0,00:31:28
,1556.0,00:33:07
,1557.0,00:34:22
,1558.0,00:39:21
,1559.0,00:41:16
,1560.0,00:41:42
,1561.0,00:42:16
,1562.0,00:42:42
,1563.0,00:43:32
,1564.0,00:44:22
,1565.0,00:44:57
,1566.0,00:46:10
,1567.0,00:46:37
,1568.0,00:47:35
,1569.0,00:48:35
,1570.0,00:49:25
,1571.0,00:51:24
,1572.0,00:52:05
,1573.0,00:52:39
,1574.0,00:55:19
,1575.0,00:55:41
,1576.0,00:56:19
,1577.0,00:58:19
,1578.0,00:58:55
,1579.0,00:59:40
,1580.0,01:00:20
,1581.0,01:01:33
,1582.0,01:02:04
,1583.0,01:02:57
,1584.0,01:05:23
,1585.0,01:06:58
,1586.0,01:07:32
,1587.0,01:10:30
,1588.0,01:12:11
,1589.0,01:12:47
,1590.0,01:13:54
,1591.0,01:14:38
,1592.0,01:17:10
,1593.0,01:17:43
,1594.0,01:19:29
,1595.0,01:20:05
,1596.0,01:20:45
,1597.0,01:21:29
,1598.0,01:22:16
,1599.0,01:23:11
,1600.0,01:26:15
,1601.0,01:26:42
,1602.0,01:28:23
,1603.0,01:28:58
,1604.0,01:29:29
,1605.0,01:29:58
,1606.0,01:30:32
,1607.0,01:32:04
,1608.0,01:32:37
,1609.0,01:33:09
,1610.0,01:33:46
,1611.0,01:34:45
,1612.0,01:35:15
,1613.0,01:35:49
,1614.0,01:36:13
,1615.0,01:40:10
,1616.0,01:40:44
,1617.0,01:41:04
,1618.0,01:41:50
,1619.0,01:42:23
,1620.0,01:43:09
,1621.0,01:43:37
,1622.0,01:44:11
,1623.0,01:44:48
,1624.0,01:45:42
,1625.0,01:47:40
,1626.0,01:48:53
,1627.0,01:49:32
,1628.0,01:50:09
,1629.0,01:51:08
,1630.0,01:51:41
,1631.0,01:52:42
,1632.0,01:54:33
,1633.0,01:55:11
,1634.0,01:55:38
,1635.0,01:57:49
,1636.0,01:58:45
,1637.0,01:59:39
,1638.0,02:04:01
,1639.0,02:05:26
,1640.0,02:06:09
,1641.0,02:07:55
,1642.0,02:09:16
,1643.0,02:09:34
,1644.0,02:10:10
,1645.0,02:11:09
,1646.0,02:11:27
,1647.0,02:11:50
,1648.0,02:12:54
,1649.0,02:15:00
,1650.0,02:16:01
,1651.0,02:16:21
,1652.0,02:17:21
,1653.0,02:17:51
,1654.0,02:19:40
,1655.0,02:20:36
,1656.0,02:22:27
,1657.0,02:22:56
,1658.0,02:23:23
,1659.0,02:24:10
,1660.0,02:24:44
,1661.0,00:00:24
,1662.0,00:00:52
,1663.0,00:02:03
,1664.0,00:02:57
,1665.0,00:04:14
,1666.0,00:05:07
,1667.0,00:05:46
,1668.0,00:07:41
,1669.0,00:08:08
,1670.0,00:08:40
,1671.0,00:09:56
,1672.0,00:10:22
,1673.0,00:11:02
,1674.0,00:11:25
,1675.0,00:12:27
,1676.0,00:14:40
,1677.0,00:15:25
,1678.0,00:16:08
,1679.0,00:16:34
,1680.0,00:17:40
,1681.0,00:18:26
,1682.0,00:19:39
,1683.0,00:21:55
,1684.0,00:23:18
,1685.0,00:24:08
,1686.0,00:25:13
,1687.0,00:26:33
,1688.0,00:26:58
,1689.0,00:28:58
,1690.0,00:29:23
,1691.0,00:30:00
,1692.0,00:30:49
,1693.0,00:31:33
,1694.0,00:32:06
,1695.0,00:32:54
,1696.0,00:33:17
,1697.0,00:35:32
,1698.0,00:36:07
,1699.0,00:36:37
,1700.0,00:37:22
,1701.0,00:37:59
,1702.0,00:38:24
,1703.0,00:39:14
,1704.0,00:39:39
,1705.0,00:40:23
,1706.0,00:43:16
,1707.0,00:43:53
,1708.0,00:44:14
,1709.0,00:47:03
,1710.0,00:48:24
,1711.0,00:48:43
,1712.0,00:49:00
,1713.0,00:49:50
,1714.0,00:50:30
,1715.0,00:55:34
,1716.0,00:55:52
,1717.0,00:56:54
,1718.0,00:58:41
,1719.0,00:59:45
,1720.0,01:01:11
,1721.0,01:01:42
,1722.0,01:02:24
,1723.0,01:03:20
,1724.0,01:04:08
,1725.0,01:05:15
,1726.0,01:06:00
,1727.0,01:07:25
,1728.0,01:08:06
,1729.0,01:09:14
,1730.0,01:11:16
,1731.0,01:11:36
,1732.0,01:13:11
,1733.0,01:13:55
,1734.0,01:14:46
,1735.0,01:15:13
,1736.0,01:15:46
,1737.0,01:16:52
,1738.0,01:17:32
,1739.0,01:17:52
,1740.0,01:18:34
,1741.0,01:20:27
,1742.0,01:20:57
,1743.0,01:23:26
,1744.0,01:25:12
,1745.0,01:25:34
,1746.0,01:26:01
,1747.0,01:26:55
,1748.0,01:27:16
,1749.0,01:28:03
,1750.0,01:28:39
,1751.0,01:29:44
,1752.0,01:31:29
,1753.0,01:32:10
,1754.0,01:32:53
,1755.0,01:35:12
,1756.0,01:35:32
,1757.0,01:36:07
,1758.0,01:36:56
,1759.0,01:38:02
,1760.0,01:39:26
,1761.0,01:40:00
,1762.0,01:41:05
,1763.0,01:41:49
,1764.0,01:42:46
,1765.0,01:43:13
,1766.0,01:44:08
,1767.0,01:44:28
,1768.0,01:46:22
,1769.0,01:47:21
,1770.0,01:48:09
,1771.0,01:48:49
,1772.0,01:49:26
,1773.0,01:49:54
,1774.0,01:50:30
,1775.0,01:51:33
,1776.0,01:52:22
,1777.0,01:52:46
,1778.0,01:53:18
,1779.0,01:53:42
,1780.0,01:54:15
,1781.0,01:55:23
,1782.0,01:57:52
,1783.0,01:59:34
,1784.0,02:00:52
,1785.0,02:01:29
,1786.0,02:01:47
,1787.0,02:02:27
,1788.0,02:02:52
,1789.0,02:03:15
,1790.0,02:05:24
,1791.0,02:06:29
,1792.0,02:06:54
,1793.0,02:07:17
,1794.0,02:08:00
,1795.0,02:08:19
,1796.0,02:08:48
,1797.0,02:09:22
,1798.0,02:10:06
,1799.0,02:10:39
,1800.0,02:11:10
,1801.0,02:11:48
,1802.0,02:12:35
,1803.0,02:15:11
,1804.0,02:15:46
,1805.0,02:17:00
,1806.0,02:17:59
,1807.0,02:18:41
,1808.0,02:20:08
,1809.0,02:21:54
,1810.0,02:23:10
,1811.0,02:23:39
,1812.0,02:24:26
,1813.0,02:24:54
,1814.0,02:27:12
,1815.0,02:27:47
,1816.0,02:28:11
,1817.0,02:28:45
,1818.0,02:29:11
,1819.0,02:30:10
,1820.0,02:30:59
,1821.0,02:31:26
,1822.0,02:32:51
,1823.0,02:34:55
,1824.0,02:35:37
,1825.0,02:36:52
,1826.0,02:37:25
,1827.0,02:38:07
,1828.0,02:40:05
,1829.0,02:40:39
,1830.0,02:41:19
,1831.0,02:41:58
,1832.0,02:43:53
,1833.0,02:44:29
,1834.0,02:45:11
,1835.0,02:45:33
,1836.0,02:47:10
,1837.0,02:48:04
,1838.0,02:48:50
,1839.0,02:49:41
,1840.0,02:50:16
,1841.0,02:51:00
,1842.0,02:52:00
,1843.0,02:52:38
,1844.0,02:53:16
,1845.0,02:54:16
,1846.0,02:55:32
,1847.0,02:57:31
,1848.0,02:58:01
,1849.0,02:58:38
,1850.0,03:00:20
,1851.0,03:00:53
,1852.0,03:03:18
,1853.0,03:03:59
,1854.0,03:04:16
,1855.0,03:04:50
,1856.0,03:05:24
,1857.0,03:05:48
,1858.0,03:06:36
,1859.0,03:07:40
,1860.0,03:08:22
,1861.0,03:10:24
,1862.0,03:10:47
,1863.0,03:11:32
,1864.0,00:00:57
,1865.0,00:02:40
,1866.0,00:03:05
,1867.0,00:03:29
,1868.0,00:04:02
,1869.0,00:05:54
,1870.0,00:06:28
,1871.0,00:08:13
,1872.0,00:08:51
,1873.0,00:10:36
,1874.0,00:11:20
,1875.0,00:12:19
,1876.0,00:12:45
,1877.0,00:13:08
,1878.0,00:13:33
,1879.0,00:14:00
,1880.0,00:14:20
,1881.0,00:14:57
,1882.0,00:15:23
,1883.0,00:16:59
,1884.0,00:17:16
,1885.0,00:18:04
,1886.0,00:18:27
,1887.0,00:19:21
,1888.0,00:19:49
,1889.0,00:20:42
,1890.0,00:21:48
,1891.0,00:22:20
,1892.0,00:22:43
,1893.0,00:23:17
,1894.0,00:23:56
,1895.0,00:25:37
,1896.0,00:26:29
,1897.0,00:26:55
,1898.0,00:27:27
,1899.0,00:28:08
,1900.0,00:28:34
,1901.0,00:30:33
,1902.0,00:31:38
,1903.0,00:35:05
,1904.0,00:35:42
,1905.0,00:36:31
,1906.0,00:38:28
,1907.0,00:38:43
,1908.0,00:41:00
,1909.0,00:41:24
,1910.0,00:43:09
,1911.0,00:43:29
,1912.0,00:43:46
,1913.0,00:44:02
,1914.0,00:44:21
,1915.0,00:44:39
,1916.0,00:44:58
,1917.0,00:47:11
,1918.0,00:47:42
,1919.0,00:48:31
,1920.0,00:50:26
,1921.0,00:51:14
,1922.0,00:52:01
,1923.0,00:53:38
,1924.0,00:54:20
,1925.0,00:55:57
,1926.0,00:57:46
,1927.0,00:58:26
,1928.0,00:59:08
,1929.0,00:59:30
,1930.0,01:01:03
,1931.0,01:01:26
,1932.0,01:02:10
,1933.0,01:02:32
,1934.0,01:03:07
,1935.0,01:03:49
,1936.0,01:04:10
,1937.0,01:04:49
,1938.0,01:05:35
,1939.0,01:06:08
,1940.0,01:07:06
,1941.0,01:08:43
,1942.0,01:11:18
,1943.0,01:11:42
,1944.0,01:12:03
,1945.0,01:12:44
,1946.0,01:13:52
,1947.0,01:14:18
,1948.0,01:14:53
,1949.0,01:15:17
,1950.0,01:16:17
,1951.0,01:16:54
,1952.0,01:18:26
,1953.0,01:18:43
,1954.0,01:18:58
,1955.0,01:19:24
,1956.0,01:19:55
,1957.0,01:20:43
,1958.0,01:21:20
,1959.0,01:21:57
,1960.0,01:22:50
,1961.0,01:23:53
,1962.0,01:24:35
,1963.0,01:25:10
,1964.0,01:25:43
,1965.0,01:26:05
,1966.0,01:26:48
,1967.0,01:27:44
,1968.0,01:28:14
,1969.0,01:30:18
,1970.0,01:30:45
,1971.0,01:31:11
,1972.0,01:31:36
,1973.0,01:32:16
,1974.0,01:32:36
,1975.0,01:33:31
,1976.0,01:33:55
,1977.0,01:34:14
,1978.0,01:35:58
,1979.0,01:37:05
,1980.0,01:37:40
,1981.0,01:38:27
,1982.0,01:40:02
,1983.0,01:40:56
,1984.0,01:41:26
,1985.0,01:41:44
,1986.0,01:43:40
,1987.0,01:44:16
,1988.0,01:44:58
,1989.0,01:45:30
,1990.0,01:46:20
,1991.0,01:47:03
,1992.0,01:47:53
,1993.0,01:48:50
,1994.0,01:49:08
,1995.0,01:49:52
,1996.0,01:51:36
,1997.0,01:52:12
,1998.0,01:52:56
,1999.0,01:53:23
,2000.0,01:54:05
,2001.0,01:56:05
,2002.0,01:56:26
,2003.0,01:56:50
,2004.0,01:58:38
,2005.0,01:59:21
,2006.0,02:00:06
,2007.0,02:01:00
,2008.0,02:01:26
,2009.0,02:02:10
,2010.0,02:02:35
,2011.0,02:03:25
,2012.0,02:04:03
,2013.0,02:04:36
,2014.0,02:05:27
,2015.0,02:06:02
,2016.0,02:06:48
,2017.0,02:07:53
,2018.0,02:08:40
,2019.0,02:10:52
,2020.0,02:11:07
,2021.0,02:11:21
,2022.0,02:12:46
,2023.0,02:13:29
,2024.0,02:15:16
,2025.0,02:16:13
,2026.0,02:16:47
,2027.0,02:17:40
,2028.0,02:18:11
,2029.0,02:19:38
,2030.0,02:20:33
,2031.0,02:21:14
,2032.0,02:21:33
,2033.0,02:22:04
,2034.0,02:23:24
,2035.0,02:23:50
,2036.0,02:24:20
,2037.0,02:25:44
,2038.0,02:26:25
,2039.0,02:31:47
,2040.0,02:32:09
,2041.0,02:33:29
,2042.0,02:34:40
,2043.0,02:35:13
,2044.0,02:36:26
,2045.0,02:37:55
,2046.0,02:38:28
,2047.0,02:40:48
,2048.0,02:41:23
,2049.0,02:41:49
,2050.0,02:43:44
,2051.0,02:45:32
,2052.0,02:45:48
,2053.0,02:46:57
,2054.0,02:47:14
,2055.0,02:48:29
,2056.0,02:50:54
,2057.0,02:51:27
,2058.0,02:51:57
,2059.0,02:52:12
,2060.0,02:52:37
,2061.0,02:54:45
,2062.0,02:55:17
,2063.0,02:56:15
,2064.0,02:56:38
,2065.0,02:57:00
,2066.0,02:58:41
,2067.0,02:58:58
,2068.0,02:59:36
,2069.0,03:00:31
,2070.0,00:00:25
,2071.0,00:00:49
,2072.0,00:01:28
,2073.0,00:03:57
,2074.0,00:04:15
,2075.0,00:04:41
,2076.0,00:05:51
,2077.0,00:06:22
,2078.0,00:07:01
,2079.0,00:07:39
,2080.0,00:08:00
,2081.0,00:08:35
,2082.0,00:11:07
,2083.0,00:11:32
,2084.0,00:11:59
,2085.0,00:12:29
,2086.0,00:13:18
,2087.0,00:13:38
,2088.0,00:14:55
,2089.0,00:15:19
,2090.0,00:15:40
,2091.0,00:18:14
,2092.0,00:18:55
,2093.0,00:20:16
,2094.0,00:21:23
,2095.0,00:21:53
,2096.0,00:22:16
,2097.0,00:22:38
,2098.0,00:23:21
,2099.0,00:23:40
,2100.0,00:26:00
,2101.0,00:29:35
,2102.0,00:30:38
,2103.0,00:31:41
,2104.0,00:32:25
,2105.0,00:33:01
,2106.0,00:33:18
,2107.0,00:33:49
,2108.0,00:35:16
,2109.0,00:36:13
,2110.0,00:40:13
,2111.0,00:40:43
,2112.0,00:41:06
,2113.0,00:41:43
,2114.0,00:42:17
,2115.0,00:42:36
,2116.0,00:43:00
,2117.0,00:43:55
,2118.0,00:45:58
,2119.0,00:46:17
,2120.0,00:46:50
,2121.0,00:47:25
,2122.0,00:48:02
,2123.0,00:49:21
,2124.0,00:49:58
,2125.0,00:51:29
,2126.0,00:52:29
,2127.0,00:52:58
,2128.0,00:53:55
,2129.0,00:55:38
,2130.0,00:56:06
,2131.0,00:57:47
,2132.0,00:59:07
,2133.0,00:59:24
,2134.0,01:00:40
,2135.0,01:01:12
,2136.0,01:02:13
,2137.0,01:02:37
,2138.0,01:03:18
,2139.0,01:03:42
,2140.0,01:05:37
,2141.0,01:06:05
,2142.0,01:06:26
,2143.0,01:07:08
,2144.0,01:08:21
,2145.0,01:08:39
,2146.0,01:08:57
,2147.0,01:09:26
,2148.0,01:10:04
,2149.0,01:10:48
,2150.0,01:11:12
,2151.0,01:11:31
,2152.0,01:12:25
,2153.0,01:13:10
,2154.0,01:15:21
,2155.0,01:15:42
,2156.0,01:16:42
,2157.0,01:17:05
,2158.0,01:17:51
,2159.0,01:18:46
,2160.0,01:21:04
,2161.0,01:21:27
,2162.0,01:21:49
,2163.0,01:22:12
,2164.0,01:23:00
,2165.0,01:23:28
,2166.0,01:24:08
,2167.0,01:25:19
,2168.0,01:25:55
,2169.0,01:28:21
,2170.0,01:28:52
,2171.0,01:29:11
,2172.0,01:29:33
,2173.0,01:30:39
,2174.0,01:31:25
,2175.0,01:31:54
,2176.0,01:33:43
,2177.0,01:34:07
,2178.0,01:34:30
,2179.0,01:34:53
,2180.0,01:35:11
,2181.0,01:35:42
,2182.0,01:36:24
,2183.0,01:37:13
,2184.0,01:38:07
,2185.0,01:39:47
,2186.0,01:40:25
,2187.0,01:40:53
,2188.0,01:41:57
,2189.0,01:42:43
,2190.0,01:43:36
,2191.0,01:43:58
,2192.0,01:45:05
,2193.0,01:45:39
,2194.0,01:47:39
,2195.0,01:48:48
,2196.0,01:49:30
,2197.0,01:51:28
,2198.0,00:00:53
,2199.0,00:02:35
,2200.0,00:03:16
,2201.0,00:03:51
,2202.0,00:04:40
,2203.0,00:05:30
,2204.0,00:06:45
,2205.0,00:09:04
,2206.0,00:09:24
,2207.0,00:09:50
,2208.0,00:10:12
,2209.0,00:10:37
,2210.0,00:11:51
,2211.0,00:12:24
,2212.0,00:13:29
,2213.0,00:13:47
,2214.0,00:16:12
,2215.0,00:17:06
,2216.0,00:19:36
,2217.0,00:20:33
,2218.0,00:22:41
,2219.0,00:23:01
,2220.0,00:23:24
,2221.0,00:23:55
,2222.0,00:27:40
,2223.0,00:29:45
,2224.0,00:30:10
,2225.0,00:31:09
,2226.0,00:32:51
,2227.0,00:35:13
,2228.0,00:36:09
,2229.0,00:36:53
,2230.0,00:37:25
,2231.0,00:37:42
,2232.0,00:38:12
,2233.0,00:39:26
,2234.0,00:39:59
,2235.0,00:41:49
,2236.0,00:42:33
,2237.0,00:43:54
,2238.0,00:45:54
,2239.0,00:46:23
,2240.0,00:47:02
,2241.0,00:48:23
,2242.0,00:50:57
,2243.0,00:53:05
,2244.0,00:56:01
,2245.0,00:57:09
,2246.0,00:57:40
,2247.0,00:58:01
,2248.0,00:58:36
,2249.0,01:01:01
,2250.0,01:04:30
,2251.0,01:08:13
,2252.0,01:08:40
,2253.0,01:09:13
,2254.0,01:09:45
,2255.0,01:10:03
,2256.0,01:10:21
,2257.0,01:10:57
,2258.0,01:13:45
,2259.0,01:14:26
,2260.0,01:14:58
,2261.0,01:15:16
,2262.0,01:16:33
,2263.0,01:18:04
,2264.0,01:18:30
,2265.0,01:19:11
,2266.0,01:19:42
,2267.0,01:20:01
,2268.0,01:20:56
,2269.0,01:21:33
,2270.0,01:22:05
,2271.0,01:22:24
,2272.0,01:26:43
,2273.0,01:27:43
,2274.0,01:28:17
,2275.0,01:28:38
,2276.0,01:31:02
,2277.0,01:31:30
,2278.0,01:31:49
,2279.0,01:32:17
,2280.0,01:33:07
,2281.0,01:34:26
,2282.0,01:34:43
,2283.0,01:36:02
,2284.0,01:36:45
,2285.0,01:37:07
,2286.0,01:38:11
,2287.0,01:39:52
,2288.0,01:40:05
,2289.0,01:40:32
,2290.0,01:41:35
,2291.0,01:42:54
,2292.0,01:43:17
,2293.0,01:43:52
,2294.0,01:44:10
,2295.0,01:44:34
,2296.0,01:45:03
,2297.0,01:46:32
,2298.0,01:47:27
,2299.0,01:48:00
,2300.0,01:49:25
,2301.0,01:49:55
,2302.0,01:50:27
,2303.0,01:50:46
,2304.0,01:51:06
,2305.0,01:53:11
,2306.0,01:54:22
,2307.0,01:55:42
,2308.0,01:56:22
,2309.0,01:56:56
,2310.0,01:59:05
,2311.0,01:59:37
,2312.0,02:01:02
,2313.0,02:01:44
,2314.0,02:02:21
,2315.0,02:03:55
,2316.0,00:00:56
,2317.0,00:01:24
,2318.0,00:01:48
,2319.0,00:03:18
,2320.0,00:03:58
,2321.0,00:04:42
,2322.0,00:05:19
,2323.0,00:05:43
,2324.0,00:06:31
,2325.0,00:08:18
,2326.0,00:09:41
,2327.0,00:11:35
,2328.0,00:12:16
,2329.0,00:12:38
,2330.0,00:13:15
,2331.0,00:14:14
,2332.0,00:15:02
,2333.0,00:16:31
,2334.0,00:17:30
,2335.0,00:19:14
,2336.0,00:19:38
,2337.0,00:20:11
,2338.0,00:22:23
,2339.0,00:22:54
,2340.0,00:24:30
,2341.0,00:25:19
,2342.0,00:26:54
,2343.0,00:29:38
,2344.0,00:31:12
,2345.0,00:32:13
,2346.0,00:33:43
,2347.0,00:34:14
,2348.0,00:34:56
,2349.0,00:35:43
,2350.0,00:36:30
,2351.0,00:39:23
,2352.0,00:39:51
,2353.0,00:40:40
,2354.0,00:41:04
,2355.0,00:41:46
,2356.0,00:43:26
,2357.0,00:44:03
,2358.0,00:44:49
,2359.0,00:45:31
,2360.0,00:46:55
,2361.0,00:47:24
,2362.0,00:48:12
,2363.0,00:49:13
,2364.0,00:49:51
,2365.0,00:50:19
,2366.0,00:50:37
,2367.0,00:51:17
,2368.0,00:51:46
,2369.0,00:54:25
,2370.0,00:54:58
,2371.0,00:55:37
,2372.0,00:56:17
,2373.0,00:56:51
,2374.0,00:57:36
,2375.0,00:58:03
,2376.0,00:58:48
,2377.0,00:59:59
,2378.0,01:00:21
,2379.0,01:00:42
,2380.0,01:02:36
,2381.0,01:03:46
,2382.0,01:05:40
,2383.0,01:06:15
,2384.0,01:06:52
,2385.0,01:07:41
,2386.0,01:12:01
,2387.0,01:12:19
,2388.0,01:12:45
,2389.0,01:13:23
,2390.0,01:13:48
,2391.0,01:14:36
,2392.0,01:15:30
,2393.0,01:16:31
,2394.0,01:17:00
,2395.0,01:17:19
,2396.0,01:18:23
,2397.0,01:20:59
,2398.0,01:21:35
,2399.0,01:22:36
,2400.0,01:23:25
,2401.0,01:24:30
,2402.0,01:26:19
,2403.0,01:26:56
,2404.0,01:28:45
,2405.0,01:29:40
,2406.0,01:30:11
,2407.0,01:30:54
,2408.0,01:31:14
,2409.0,01:31:37
,2410.0,01:35:01
,2411.0,01:35:44
,2412.0,01:37:37
,2413.0,01:38:08
,2414.0,01:39:22
,2415.0,01:40:16
,2416.0,01:42:41
,2417.0,01:43:01
,2418.0,01:44:09
,2419.0,01:49:02
,2420.0,01:50:04
,2421.0,01:50:38
,2422.0,01:51:18
,2423.0,01:52:14
,2424.0,01:53:22
,2425.0,01:54:50
,2426.0,01:56:53
,2427.0,01:57:25
,2428.0,01:58:27
,2429.0,01:59:29
,2430.0,02:00:41
,2431.0,02:02:46
,2432.0,02:03:22
,2433.0,02:06:59
,2434.0,00:00:47
,2435.0,00:01:50
,2436.0,00:03:11
,2437.0,00:03:59
,2438.0,00:04:24
,2439.0,00:05:39
,2440.0,00:06:21
,2441.0,00:07:18
,2442.0,00:07:44
,2443.0,00:08:32
,2444.0,00:09:45
,2445.0,00:11:16
,2446.0,00:11:45
,2447.0,00:13:50
,2448.0,00:14:45
,2449.0,00:15:07
,2450.0,00:16:05
,2451.0,00:17:13
,2452.0,00:18:11
,2453.0,00:19:16
,2454.0,00:19:50
,2455.0,00:20:17
,2456.0,00:22:51
,2457.0,00:23:19
,2458.0,00:24:49
,2459.0,00:25:21
,2460.0,00:26:39
,2461.0,00:27:22
,2462.0,00:28:05
,2463.0,00:29:55
,2464.0,00:30:32
,2465.0,00:32:40
,2466.0,00:33:15
,2467.0,00:34:00
,2468.0,00:34:32
,2469.0,00:35:17
,2470.0,00:36:05
,2471.0,00:37:10
,2472.0,00:39:10
,2473.0,00:40:07
,2474.0,00:41:15
,2475.0,00:42:20
,2476.0,00:44:46
,2477.0,00:45:44
,2478.0,00:47:20
,2479.0,00:49:56
,2480.0,00:51:21
,2481.0,00:52:42
,2482.0,00:53:23
,2483.0,00:53:53
,2484.0,00:54:59
,2485.0,00:56:32
,2486.0,00:59:32
,2487.0,01:00:33
,2488.0,01:03:15
,2489.0,01:04:18
,2490.0,01:04:59
,2491.0,01:06:35
,2492.0,01:07:29
,2493.0,01:10:14
,2494.0,01:10:35
,2495.0,01:12:15
,2496.0,01:13:02
,2497.0,01:15:29
,2498.0,01:16:06
,2499.0,01:16:41
,2500.0,01:17:45
,2501.0,01:18:56
,2502.0,01:19:39
,2503.0,01:20:06
,2504.0,01:22:18
,2505.0,01:24:47
,2506.0,01:25:37
,2507.0,01:27:01
,2508.0,01:28:10
,2509.0,01:29:52
,2510.0,01:30:16
,2511.0,01:31:22
,2512.0,01:31:52
,2513.0,01:33:11
,2514.0,01:34:10
,2515.0,01:34:56
,2516.0,01:36:00
,2517.0,01:36:54
,2518.0,01:37:28
,2519.0,01:38:00
,2520.0,01:38:37
,2521.0,01:39:11
,2522.0,01:39:43
,2523.0,01:42:32
,2524.0,01:42:55
,2525.0,01:43:22
,2526.0,01:44:36
,2527.0,01:45:11
,2528.0,01:45:57
,2529.0,01:46:55
,2530.0,01:47:28
,2531.0,01:47:49
,2532.0,01:48:24
,2533.0,01:49:17
,2534.0,01:49:47
,2535.0,01:50:25
,2536.0,01:51:35
,2537.0,01:53:34
,2538.0,01:54:35
,2539.0,01:55:18
,2540.0,01:55:51
,2541.0,01:56:29
,2542.0,01:57:24
,2543.0,01:58:19
,2544.0,02:00:26
,2545.0,02:01:05
,2546.0,02:02:18
,2547.0,02:03:53
,2548.0,02:04:34
,2549.0,02:04:56
,2550.0,02:05:17
,2551.0,02:06:04
,2552.0,02:07:01
,2553.0,02:07:26
,2554.0,02:08:15
,2555.0,02:09:11
,2556.0,02:15:45
,2557.0,02:16:17
,2558.0,02:17:44
,2559.0,02:19:19
,2560.0,02:19:57
,2561.0,02:21:21
,2562.0,02:24:23
,2563.0,02:24:55
,2564.0,02:25:39
,2565.0,02:26:15
,2566.0,02:28:42
,2567.0,02:29:07
,2568.0,02:29:44
,2569.0,02:30:16
,2570.0,02:45:38
,2571.0,02:46:06
,2572.0,02:48:17
,2573.0,02:49:01
,2574.0,02:50:43
,2575.0,02:51:40
,2576.0,02:52:06
,2577.0,02:53:03
,2578.0,02:53:27
,2579.0,02:55:15
,2580.0,02:55:45
,2581.0,02:56:53
,2582.0,02:57:29
,2583.0,02:58:13
,2584.0,02:58:54
,2585.0,02:59:22
,2586.0,03:00:06
,2587.0,03:01:05
,2588.0,03:01:41
,2589.0,03:04:12
,2590.0,00:00:29
,2591.0,00:02:08
,2592.0,00:03:32
,2593.0,00:04:26
,2594.0,00:05:21
,2595.0,00:06:17
,2596.0,00:08:14
,2597.0,00:08:52
,2598.0,00:10:15
,2599.0,00:10:38
,2600.0,00:15:16
,2601.0,00:16:10
,2602.0,00:16:55
,2603.0,00:17:43
,2604.0,00:18:10
,2605.0,00:19:55
,2606.0,00:22:57
,2607.0,00:23:39
,2608.0,00:24:07
,2609.0,00:24:43
,2610.0,00:25:25
,2611.0,00:27:25
,2612.0,00:29:17
,2613.0,00:30:16
,2614.0,00:32:16
,2615.0,00:33:46
,2616.0,00:35:09
,2617.0,00:36:17
,2618.0,00:37:16
,2619.0,00:38:02
,2620.0,00:38:41
,2621.0,00:39:33
,2622.0,00:41:56
,2623.0,00:42:22
,2624.0,00:42:53
,2625.0,00:43:37
,2626.0,00:44:12
,2627.0,00:45:10
,2628.0,00:46:31
,2629.0,00:47:22
,2630.0,00:48:34
,2631.0,00:49:26
,2632.0,00:50:21
,2633.0,00:50:50
,2634.0,00:51:19
,2635.0,00:53:54
,2636.0,00:57:39
,2637.0,00:58:25
,2638.0,00:59:13
,2639.0,00:59:49
,2640.0,01:00:45
,2641.0,01:01:07
,2642.0,01:02:33
,2643.0,01:04:23
,2644.0,01:05:00
,2645.0,01:08:27
,2646.0,01:09:48
,2647.0,01:10:38
,2648.0,01:11:20
,2649.0,01:11:38
,2650.0,01:11:54
,2651.0,01:13:51
,2652.0,01:14:30
,2653.0,01:15:12
,2654.0,01:15:43
,2655.0,01:17:25
,2656.0,01:19:54
,2657.0,01:20:54
,2658.0,01:21:19
,2659.0,01:21:51
,2660.0,01:22:25
,2661.0,01:23:04
,2662.0,01:23:41
,2663.0,01:24:22
,2664.0,01:25:02
,2665.0,01:25:29
,2666.0,01:27:14
,2667.0,01:27:37
,2668.0,01:28:31
,2669.0,01:29:00
,2670.0,01:29:23
,2671.0,01:30:14
,2672.0,01:31:03
,2673.0,01:31:34
,2674.0,01:32:43
,2675.0,01:33:18
,2676.0,01:35:17
,2677.0,01:37:02
,2678.0,01:38:19
,2679.0,01:38:57
,2680.0,01:40:43
,2681.0,01:42:02
,2682.0,01:46:28
,2683.0,01:47:10
,2684.0,01:47:45
,2685.0,01:48:40
,2686.0,01:49:38
,2687.0,01:50:14
,2688.0,01:51:12
,2689.0,01:51:53
,2690.0,01:54:54
,2691.0,01:55:25
,2692.0,01:57:12
,2693.0,01:59:07
,2694.0,01:59:28
,2695.0,02:00:25
,2696.0,02:02:06
,2697.0,02:02:25
,2698.0,02:03:01
,2699.0,02:05:08
,2700.0,02:05:40
,2701.0,02:06:22
,2702.0,02:06:51
,2703.0,02:07:49
,2704.0,02:08:58
,2705.0,02:09:38
,2706.0,02:10:28
,2707.0,02:10:58
,2708.0,02:12:56
,2709.0,02:13:13
,2710.0,02:14:40
,2711.0,02:15:29
,2712.0,02:19:10
,2713.0,02:19:56
,2714.0,02:20:37
,2715.0,02:21:39
,2716.0,02:22:52
,2717.0,02:25:05
,2718.0,02:25:28
,2719.0,02:26:07
,2720.0,02:26:46
,2721.0,02:27:11
,2722.0,02:27:53
,2723.0,02:28:38
,2724.0,02:29:32
,2725.0,02:30:31
,2726.0,02:31:14
,2727.0,02:31:53
,2728.0,02:32:38
,2729.0,02:33:38
,2730.0,02:35:33
,2731.0,02:36:08
,2732.0,02:36:43
,2733.0,02:37:36
,2734.0,02:38:55
,2735.0,02:39:45
,2736.0,02:40:15
,2737.0,02:42:06
,2738.0,02:44:40
,2739.0,02:45:41
,2740.0,02:46:31
,2741.0,02:49:58
,2742.0,02:50:13
,2743.0,02:50:52
,2744.0,02:51:54
,2745.0,02:52:25
,2746.0,02:53:35
,2747.0,02:54:08
,2748.0,02:55:27
,2749.0,02:56:16
,2750.0,02:56:52
,2751.0,02:57:24
,2752.0,02:57:36
,2753.0,02:59:24
,2754.0,02:59:54
,2755.0,03:00:51
,2756.0,03:02:11
,2757.0,03:02:35
,2758.0,03:02:54
,2759.0,03:05:32
,2760.0,03:05:53
,2761.0,03:06:30
,2762.0,03:07:17
,2763.0,03:09:06
,2764.0,03:11:10
,2765.0,03:11:35
,2766.0,03:11:55
,2767.0,03:14:42
,2768.0,03:15:06
,2769.0,03:15:37
,2770.0,03:16:56
,2771.0,03:19:19
,2772.0,03:20:22
,2773.0,03:21:14
,2774.0,00:00:26
,2775.0,00:01:10
,2776.0,00:01:42
,2777.0,00:02:58
,2778.0,00:05:14
,2779.0,00:05:45
,2780.0,00:06:18
,2781.0,00:06:47
,2782.0,00:07:23
,2783.0,00:08:43
,2784.0,00:11:31
,2785.0,00:11:55
,2786.0,00:12:26
,2787.0,00:13:03
,2788.0,00:13:45
,2789.0,00:14:12
,2790.0,00:14:44
,2791.0,00:15:32
,2792.0,00:16:39
,2793.0,00:17:25
,2794.0,00:19:03
,2795.0,00:19:29
,2796.0,00:19:51
,2797.0,00:24:57
,2798.0,00:26:13
,2799.0,00:26:32
,2800.0,00:28:56
,2801.0,00:29:15
,2802.0,00:29:58
,2803.0,00:32:44
,2804.0,00:33:35
,2805.0,00:34:35
,2806.0,00:37:01
,2807.0,00:44:40
,2808.0,00:45:17
,2809.0,00:45:45
,2810.0,00:47:18
,2811.0,00:48:04
,2812.0,00:48:53
,2813.0,00:49:17
,2814.0,00:50:35
,2815.0,00:52:33
,2816.0,00:52:56
,2817.0,00:54:15
,2818.0,00:54:32
,2819.0,00:55:09
,2820.0,00:55:45
,2821.0,00:56:28
,2822.0,00:56:50
,2823.0,01:01:06
,2824.0,01:01:31
,2825.0,01:02:17
,2826.0,01:02:49
,2827.0,01:14:40
,2828.0,01:15:41
,2829.0,01:16:15
,2830.0,01:16:50
,2831.0,01:17:11
,2832.0,01:21:58
,2833.0,01:22:22
,2834.0,01:23:02
,2835.0,01:23:37
,2836.0,01:23:57
,2837.0,01:24:17
,2838.0,01:24:52
,2839.0,01:27:13
,2840.0,01:27:51
,2841.0,01:29:25
,2842.0,01:29:54
,2843.0,00:00:21
,2844.0,00:00:59
,2845.0,00:02:01
,2846.0,00:03:36
,2847.0,00:04:37
,2848.0,00:05:02
,2849.0,00:05:53
,2850.0,00:06:38
,2851.0,00:07:12
,2852.0,00:07:37
,2853.0,00:09:27
,2854.0,00:11:39
,2855.0,00:11:53
,2856.0,00:14:46
,2857.0,00:17:41
,2858.0,00:19:09
,2859.0,00:19:37
,2860.0,00:21:17
,2861.0,00:21:33
,2862.0,00:22:02
,2863.0,00:22:17
,2864.0,00:22:49
,2865.0,00:23:42
,2866.0,00:25:04
,2867.0,00:26:17
,2868.0,00:29:02
,2869.0,00:29:50
,2870.0,00:30:06
,2871.0,00:31:00
,2872.0,00:31:35
,2873.0,00:32:14
,2874.0,00:33:29
,2875.0,00:34:02
,2876.0,00:34:17
,2877.0,00:35:00
,2878.0,00:36:54
,2879.0,00:39:27
,2880.0,00:40:21
,2881.0,00:40:50
,2882.0,00:42:11
,2883.0,00:42:34
,2884.0,00:45:11
,2885.0,00:45:46
,2886.0,00:47:28
,2887.0,00:47:58
,2888.0,00:50:32
,2889.0,00:51:22
,2890.0,00:51:54
,2891.0,00:52:28
,2892.0,00:53:19
,2893.0,00:53:44
,2894.0,00:54:36
,2895.0,00:55:26
,2896.0,00:56:29
,2897.0,00:59:21
,2898.0,01:00:00
,2899.0,01:00:34
,2900.0,01:01:04
,2901.0,01:02:34
,2902.0,01:03:10
,2903.0,01:05:57
,2904.0,01:06:33
,2905.0,01:08:35
,2906.0,01:09:16
,2907.0,01:09:56
,2908.0,01:10:43
,2909.0,01:11:23
,2910.0,01:13:16
,2911.0,01:13:57
,2912.0,01:14:22
,2913.0,01:18:03
,2914.0,01:18:36
,2915.0,01:19:13
,2916.0,01:19:33
,2917.0,01:20:12
,2918.0,01:22:48
,2919.0,01:23:18
,2920.0,01:23:56
,2921.0,01:25:27
,2922.0,01:27:47
,2923.0,01:28:09
,2924.0,01:28:34
,2925.0,01:29:31
,2926.0,01:31:17
,2927.0,01:34:38
,2928.0,01:34:58
,2929.0,01:35:27
,2930.0,01:35:54
,2931.0,01:36:39
,2932.0,01:36:58
,2933.0,01:39:13
,2934.0,01:39:44
,2935.0,01:40:12
,2936.0,01:40:48
,2937.0,01:41:20
,2938.0,01:42:29
,2939.0,01:43:24
,2940.0,01:45:53
,2941.0,01:47:36
,2942.0,01:48:03
,2943.0,01:49:18
,2944.0,01:50:15
,2945.0,01:51:14
,2946.0,01:53:47
,2947.0,01:54:29
,2948.0,01:55:19
,2949.0,01:57:08
,2950.0,01:58:02
,2951.0,01:58:55
,2952.0,01:59:17
,2953.0,02:01:12
,2954.0,02:02:59
,2955.0,02:03:42
,2956.0,02:04:27
,2957.0,02:04:57
,2958.0,02:05:51
,2959.0,02:06:16
,2960.0,02:07:48
,2961.0,02:11:16
,2962.0,02:12:07
,2963.0,02:12:36
,2964.0,02:16:52
,2965.0,02:18:08
,2966.0,02:18:51
,2967.0,02:22:31
,2968.0,02:22:58
,2969.0,02:23:16
,2970.0,02:23:51
,2971.0,02:24:40
,2972.0,02:25:52
,2973.0,02:26:27
,2974.0,02:27:06
,2975.0,02:27:37
,2976.0,02:28:18
,2977.0,02:29:00
,2978.0,02:30:43
,2979.0,02:31:22
,2980.0,02:32:03
,2981.0,02:32:56
,2982.0,02:33:28
,2983.0,02:34:11
,2984.0,02:35:38
,2985.0,02:36:13
,2986.0,02:38:23
,2987.0,02:39:19
,2988.0,02:40:26
,2989.0,02:40:42
,2990.0,02:41:02
,2991.0,02:41:51
,2992.0,02:43:38
,2993.0,02:44:07
,2994.0,02:45:49
,2995.0,02:46:25
,2996.0,02:47:11
,2997.0,02:47:47
,2998.0,02:48:37
,2999.0,02:49:45
,3000.0,02:52:09
,3001.0,02:52:54
,3002.0,02:53:45
,3003.0,02:54:26
,3004.0,02:55:21
,3005.0,02:55:57
,3006.0,02:56:24
,3007.0,02:57:03
,3008.0,02:59:04
,3009.0,02:59:43
,3010.0,03:00:35
,3011.0,03:01:43
,3012.0,03:02:25
,3013.0,03:03:05
,3014.0,03:03:35
,3015.0,03:04:33
,3016.0,00:00:32
,3017.0,00:03:47
,3018.0,00:04:09
,3019.0,00:05:44
,3020.0,00:07:00
,3021.0,00:07:38
,3022.0,00:08:17
,3023.0,00:09:40
,3024.0,00:10:16
,3025.0,00:10:48
,3026.0,00:11:57
,3027.0,00:12:33
,3028.0,00:12:59
,3029.0,00:13:21
,3030.0,00:15:44
,3031.0,00:16:13
,3032.0,00:16:35
,3033.0,00:17:27
,3034.0,00:17:52
,3035.0,00:22:26
,3036.0,00:22:58
,3037.0,00:24:27
,3038.0,00:25:06
,3039.0,00:25:32
,3040.0,00:27:36
,3041.0,00:29:29
,3042.0,00:31:10
,3043.0,00:31:32
,3044.0,00:32:48
,3045.0,00:34:13
,3046.0,00:34:36
,3047.0,00:37:30
,3048.0,00:37:58
,3049.0,00:38:36
,3050.0,00:39:28
,3051.0,00:40:59
,3052.0,00:41:51
,3053.0,00:42:25
,3054.0,00:43:15
,3055.0,00:43:45
,3056.0,00:44:32
,3057.0,00:47:07
,3058.0,00:49:01
,3059.0,00:49:46
,3060.0,00:50:16
,3061.0,00:51:15
,3062.0,00:53:48
,3063.0,00:54:54
,3064.0,00:56:55
,3065.0,00:57:38
,3066.0,01:00:43
,3067.0,01:01:39
,3068.0,01:02:21
,3069.0,01:03:57
,3070.0,01:04:34
,3071.0,01:05:51
,3072.0,01:07:58
,3073.0,01:10:53
,3074.0,01:12:30
,3075.0,01:13:46
,3076.0,01:15:01
,3077.0,01:16:07
,3078.0,01:18:02
,3079.0,01:20:30
,3080.0,01:21:13
,3081.0,01:21:40
,3082.0,01:22:31
,3083.0,01:24:38
,3084.0,01:25:46
,3085.0,01:27:27
,3086.0,01:28:07
,3087.0,01:28:48
,3088.0,01:29:32
,3089.0,01:30:33
,3090.0,01:31:53
,3091.0,01:32:33
,3092.0,01:33:23
,3093.0,01:34:09
,3094.0,01:34:44
,3095.0,01:35:19
,3096.0,01:37:45
,3097.0,01:38:04
,3098.0,01:38:50
,3099.0,01:39:19
,3100.0,01:41:09
,3101.0,01:41:58
,3102.0,01:42:49
,3103.0,01:45:50
,3104.0,01:46:49
,3105.0,01:47:33
,3106.0,01:48:44
,3107.0,01:49:35
,3108.0,01:50:13
,3109.0,01:51:19
,3110.0,01:52:30
,3111.0,01:55:24
,3112.0,01:58:52
,3113.0,01:59:35
,3114.0,02:00:35
,3115.0,02:05:13
,3116.0,02:05:45
,3117.0,02:06:42
,3118.0,02:09:41
,3119.0,02:10:33
,3120.0,02:11:02
,3121.0,02:11:44
,3122.0,02:12:19
,3123.0,02:13:01
,3124.0,02:14:03
,3125.0,02:14:56
,3126.0,02:15:24
,3127.0,02:15:47
,3128.0,02:18:15
,3129.0,02:19:55
,3130.0,02:20:15
,3131.0,02:21:00
,3132.0,02:23:14
,3133.0,02:23:35
,3134.0,02:24:11
,3135.0,02:24:57
,3136.0,02:25:26
,3137.0,02:31:00
,3138.0,02:31:43
,3139.0,02:32:21
,3140.0,02:32:45
,3141.0,02:33:13
,3142.0,02:33:52
,3143.0,02:34:12
,3144.0,02:34:49
,3145.0,02:35:35
,3146.0,02:36:03
,3147.0,02:36:33
,3148.0,02:37:03
,3149.0,00:01:02
,3150.0,00:01:23
,3151.0,00:02:31
,3152.0,00:06:29
,3153.0,00:07:21
,3154.0,00:11:18
,3155.0,00:13:34
,3156.0,00:14:23
,3157.0,00:15:35
,3158.0,00:17:24
,3159.0,00:18:06
,3160.0,00:18:52
,3161.0,00:19:32
,3162.0,00:21:02
,3163.0,00:21:44
,3164.0,00:22:31
,3165.0,00:23:29
,3166.0,00:25:55
,3167.0,00:26:24
,3168.0,00:27:32
,3169.0,00:28:10
,3170.0,00:30:25
,3171.0,00:34:19
,3172.0,00:35:24
,3173.0,00:35:56
,3174.0,00:37:03
,3175.0,00:38:03
,3176.0,00:38:50
,3177.0,00:39:16
,3178.0,00:39:50
,3179.0,00:40:30
,3180.0,00:41:28
,3181.0,00:41:50
,3182.0,00:42:05
,3183.0,00:43:08
,3184.0,00:45:50
,3185.0,00:46:43
,3186.0,00:49:31
,3187.0,00:50:42
,3188.0,00:52:32
,3189.0,00:52:55
,3190.0,00:56:23
,3191.0,00:57:13
,3192.0,01:00:03
,3193.0,01:00:18
,3194.0,01:01:27
,3195.0,01:02:11
,3196.0,01:02:52
,3197.0,01:03:28
,3198.0,01:04:39
,3199.0,01:06:18
,3200.0,01:08:47
,3201.0,01:09:57
,3202.0,01:10:31
,3203.0,01:18:00
,3204.0,01:18:24
,3205.0,01:19:25
,3206.0,01:20:16
,3207.0,01:20:47
,3208.0,01:21:11
,3209.0,01:24:11
,3210.0,01:25:38
,3211.0,01:26:06
,3212.0,01:26:53
,3213.0,01:27:15
,3214.0,01:27:50
,3215.0,01:28:44
,3216.0,01:29:24
,3217.0,01:30:46
,3218.0,01:31:12
,3219.0,01:31:50
,3220.0,01:32:12
,3221.0,01:33:16
,3222.0,01:37:31
,3223.0,01:37:58
,3224.0,01:38:22
,3225.0,01:38:42
,3226.0,01:39:49
,3227.0,01:40:18
,3228.0,01:40:54
,3229.0,01:43:14
,3230.0,01:43:42
,3231.0,01:44:07
,3232.0,01:44:26
,3233.0,01:45:13
,3234.0,01:46:02
,3235.0,01:46:25
,3236.0,01:46:43
,3237.0,01:47:00
,3238.0,01:47:46
,3239.0,01:48:05
,3240.0,01:48:43
,3241.0,01:49:14
,3242.0,01:50:56
,3243.0,01:51:39
,3244.0,01:52:02
,3245.0,01:52:51
,3246.0,01:54:13
,3247.0,01:55:26
,3248.0,01:56:17
,3249.0,01:57:05
,3250.0,01:58:49
,3251.0,01:59:19
,3252.0,01:59:48
,3253.0,02:00:10
,3254.0,02:00:43
,3255.0,02:01:18
,3256.0,02:02:31
,3257.0,02:03:34
,3258.0,02:04:21
,3259.0,02:06:24
,3260.0,02:06:55
,3261.0,02:07:43
,3262.0,02:08:53
,3263.0,02:09:48
,3264.0,00:01:51
,3265.0,00:02:15
,3266.0,00:02:37
,3267.0,00:04:34
,3268.0,00:05:24
,3269.0,00:06:08
,3270.0,00:07:06
,3271.0,00:07:42
,3272.0,00:08:11
,3273.0,00:09:17
,3274.0,00:11:19
,3275.0,00:12:11
,3276.0,00:14:05
,3277.0,00:14:54
,3278.0,00:15:27
,3279.0,00:17:46
,3280.0,00:19:35
,3281.0,00:21:10
,3282.0,00:22:55
,3283.0,00:24:14
,3284.0,00:24:44
,3285.0,00:25:23
,3286.0,00:29:34
,3287.0,00:29:54
,3288.0,00:30:48
,3289.0,00:33:52
,3290.0,00:34:37
,3291.0,00:34:53
,3292.0,00:35:20
,3293.0,00:35:49
,3294.0,00:38:09
,3295.0,00:38:35
,3296.0,00:40:24
,3297.0,00:40:48
,3298.0,00:41:31
,3299.0,00:43:05
,3300.0,00:43:30
,3301.0,00:48:10
,3302.0,00:48:49
,3303.0,00:50:51
,3304.0,00:52:09
,3305.0,00:53:27
,3306.0,00:54:27
,3307.0,00:54:42
,3308.0,00:55:01
,3309.0,00:59:29
,3310.0,01:00:10
,3311.0,01:01:56
,3312.0,01:03:09
,3313.0,01:04:51
,3314.0,01:05:09
,3315.0,01:06:32
,3316.0,01:07:11
,3317.0,01:07:30
,3318.0,01:09:15
,3319.0,01:09:49
,3320.0,01:10:15
,3321.0,01:12:06
,3322.0,01:13:07
,3323.0,01:13:24
,3324.0,01:14:16
,3325.0,01:14:52
,3326.0,01:19:12
,3327.0,01:19:44
,3328.0,01:20:18
,3329.0,01:20:53
,3330.0,01:22:27
,3331.0,01:22:59
,3332.0,01:23:19
,3333.0,01:24:07
,3334.0,01:24:53
,3335.0,01:25:22
,3336.0,01:26:08
,3337.0,01:28:18
,3338.0,01:28:42
,3339.0,01:29:27
,3340.0,01:30:02
,3341.0,01:30:44
,3342.0,01:30:59
,3343.0,01:31:13
,3344.0,01:32:57
,3345.0,01:33:26
,3346.0,01:33:58
,3347.0,01:35:00
,3348.0,01:36:21
,3349.0,01:36:52
,3350.0,01:37:22
,3351.0,01:37:53
,3352.0,01:38:17
,3353.0,01:38:48
,3354.0,01:41:01
,3355.0,01:41:21
,3356.0,01:41:36
,3357.0,01:42:10
,3358.0,01:42:35
,3359.0,01:43:04
,3360.0,01:43:38
,3361.0,01:44:38
,3362.0,01:45:06
,3363.0,01:45:21
,3364.0,01:45:48
,3365.0,01:47:48
,3366.0,01:48:23
,3367.0,01:48:59
,3368.0,01:49:48
,3369.0,01:50:05
,3370.0,01:50:26
,3371.0,01:51:00
,3372.0,01:51:16
,3373.0,01:53:12
,3374.0,01:54:09
,3375.0,01:54:39
,3376.0,01:55:04
,3377.0,01:55:35
,3378.0,01:58:08
,3379.0,01:59:59
,3380.0,02:00:22
,3381.0,02:01:13
,3382.0,02:02:41
,3383.0,02:05:35
,3384.0,02:05:54
,3385.0,02:07:52
,3386.0,02:08:29
,3387.0,02:09:36
,3388.0,02:10:26
,3389.0,02:11:03
,3390.0,02:11:29
,3391.0,02:11:47
,3392.0,02:13:25
,3393.0,02:13:51
,3394.0,02:14:28
,3395.0,02:14:47
,3396.0,02:15:52
,3397.0,02:16:36
,3398.0,02:17:05
,3399.0,02:19:02
,3400.0,02:19:26
,3401.0,02:20:35
,3402.0,02:20:59
,3403.0,02:21:36
,3404.0,02:22:12
,3405.0,02:22:59
,3406.0,02:24:32
,3407.0,02:25:09
,3408.0,02:25:46
,3409.0,02:27:05
,3410.0,02:27:21
,3411.0,02:27:45
,3412.0,02:29:47
,3413.0,02:30:27
,3414.0,02:31:49
,3415.0,02:32:39
,3416.0,02:33:36
,3417.0,02:34:17
,3418.0,02:36:14
,3419.0,02:36:46
,3420.0,02:37:15
,3421.0,02:37:48
,3422.0,02:38:08
,3423.0,02:38:26
,3424.0,02:38:51
,3425.0,02:40:28
,3426.0,02:40:57
,3427.0,02:41:26
,3428.0,02:41:55
,3429.0,02:43:35
,3430.0,02:48:26
,3431.0,02:49:11
,3432.0,02:50:09
,3433.0,02:51:58
,3434.0,02:53:22
,3435.0,02:53:49
,3436.0,02:54:19
,3437.0,02:56:20
,3438.0,02:58:23
,3439.0,02:58:59
,3440.0,03:00:23
,3441.0,03:00:39
,3442.0,03:01:01
,3443.0,03:02:06
,3444.0,03:03:52
,3445.0,03:04:39
,3446.0,03:05:03
,3447.0,03:05:28
,3448.0,03:06:08
,3449.0,03:06:49
,3450.0,03:07:28
,3451.0,03:08:27
,3452.0,03:10:05
,3453.0,03:10:46
,3454.0,03:11:13
,3455.0,03:11:43
,3456.0,03:12:28
,3457.0,03:12:43
,3458.0,03:13:06
,3459.0,03:13:31
,3460.0,03:15:30
,3461.0,03:16:34
,3462.0,00:01:13
,3463.0,00:02:53
,3464.0,00:03:50
,3465.0,00:04:16
,3466.0,00:04:35
,3467.0,00:08:36
,3468.0,00:09:34
,3469.0,00:09:57
,3470.0,00:10:21
,3471.0,00:10:41
,3472.0,00:15:14
,3473.0,00:16:09
,3474.0,00:19:00
,3475.0,00:24:26
,3476.0,00:25:41
,3477.0,00:28:18
,3478.0,00:31:36
,3479.0,00:35:27
,3480.0,00:38:29
,3481.0,00:39:03
,3482.0,00:42:35
,3483.0,00:44:51
,3484.0,00:49:12
,3485.0,00:50:15
,3486.0,00:51:06
,3487.0,00:53:59
,3488.0,00:55:10
,3489.0,00:56:20
,3490.0,00:57:52
,3491.0,00:58:31
,3492.0,00:59:56
,3493.0,01:01:54
,3494.0,01:02:55
,3495.0,01:03:45
,3496.0,01:06:23
,3497.0,01:09:11
,3498.0,01:09:37
,3499.0,01:10:40
,3500.0,01:12:38
,3501.0,01:13:49
,3502.0,01:15:50
,3503.0,01:16:09
,3504.0,01:17:27
,3505.0,01:18:17
,3506.0,01:19:47
,3507.0,01:20:34
,3508.0,01:24:14
,3509.0,01:25:06
,3510.0,01:26:11
,3511.0,01:26:35
,3512.0,01:30:17
,3513.0,01:30:53
,3514.0,01:36:16
,3515.0,01:37:18
,3516.0,01:38:44
,3517.0,01:39:31
,3518.0,01:40:04
,3519.0,01:41:38
,3520.0,01:42:33
,3521.0,01:45:19
,3522.0,01:46:21
,3523.0,01:46:59
,3524.0,01:48:55
,3525.0,01:50:42
,3526.0,01:51:10
,3527.0,01:52:07
,3528.0,01:52:25
,3529.0,01:53:01
,3530.0,01:53:46
,3531.0,01:56:31
,3532.0,01:57:15
,3533.0,01:57:59
,3534.0,02:00:44
,3535.0,02:03:37
,3536.0,02:04:00
,3537.0,02:05:57
,3538.0,02:06:30
,3539.0,02:07:37
,3540.0,02:09:59
,3541.0,02:11:08
,3542.0,02:13:56
,3543.0,02:15:49
,3544.0,02:17:03
,3545.0,02:17:30
,3546.0,02:18:10
,3547.0,02:20:01
,3548.0,02:22:30
,3549.0,02:23:26
,3550.0,02:24:05
,3551.0,02:24:45
,3552.0,02:29:14
,3553.0,02:29:39
,3554.0,02:30:00
,3555.0,02:32:05
,3556.0,02:33:54
,3557.0,02:35:01
,3558.0,02:35:47
,3559.0,02:38:03
,3560.0,02:38:57
,3561.0,02:39:44
,3562.0,02:40:27
,3563.0,02:41:11
,3564.0,02:42:08
,3565.0,02:42:43
,3566.0,02:43:26
,3567.0,02:45:21
,3568.0,02:46:41
,3569.0,02:48:02
,3570.0,02:50:26
,3571.0,02:52:52
,3572.0,02:53:55
,3573.0,02:54:49
,3574.0,02:56:58
,3575.0,02:57:38
,3576.0,02:59:23
,3577.0,02:59:50
,3578.0,03:01:03
,3579.0,03:01:49
,3580.0,03:05:06
,3581.0,03:05:33
,3582.0,00:00:54
,3583.0,00:01:25
,3584.0,00:02:11
,3585.0,00:02:55
,3586.0,00:04:18
,3587.0,00:04:59
,3588.0,00:06:19
,3589.0,00:07:27
,3590.0,00:08:03
,3591.0,00:08:45
,3592.0,00:09:49
,3593.0,00:10:27
,3594.0,00:10:52
,3595.0,00:12:05
,3596.0,00:14:21
,3597.0,00:15:46
,3598.0,00:16:32
,3599.0,00:18:09
,3600.0,00:20:53
,3601.0,00:23:50
,3602.0,00:24:38
,3603.0,00:25:36
,3604.0,00:27:28
,3605.0,00:27:58
,3606.0,00:29:09
,3607.0,00:32:00
,3608.0,00:35:25
,3609.0,00:37:36
,3610.0,00:38:57
,3611.0,00:40:19
,3612.0,00:41:26
,3613.0,00:43:51
,3614.0,00:44:15
,3615.0,00:44:44
,3616.0,00:45:20
,3617.0,00:46:22
,3618.0,00:47:54
,3619.0,00:49:19
,3620.0,00:50:11
,3621.0,00:51:01
,3622.0,00:54:06
,3623.0,00:54:30
,3624.0,00:55:25
,3625.0,00:55:55
,3626.0,00:57:58
,3627.0,01:07:27
,3628.0,01:08:07
,3629.0,01:09:42
,3630.0,01:10:51
,3631.0,01:12:36
,3632.0,01:13:03
,3633.0,01:13:39
,3634.0,01:14:06
,3635.0,01:14:54
,3636.0,01:15:14
,3637.0,01:16:57
,3638.0,01:17:37
,3639.0,01:19:56
,3640.0,01:21:08
,3641.0,01:21:48
,3642.0,01:22:13
,3643.0,01:27:22
,3644.0,01:29:10
,3645.0,01:29:34
,3646.0,01:30:01
,3647.0,01:30:37
,3648.0,01:31:10
,3649.0,01:31:43
,3650.0,01:32:26
,3651.0,01:33:50
,3652.0,01:34:20
,3653.0,01:46:04
,3654.0,01:50:29
,3655.0,01:50:53
,3656.0,01:51:23
,3657.0,01:52:04
,3658.0,01:55:27
,3659.0,01:56:34
,3660.0,01:57:40
,3661.0,01:58:06
,3662.0,01:58:42
,3663.0,01:59:12
,3664.0,02:00:59
,3665.0,02:01:40
,3666.0,02:02:20
,3667.0,02:03:24
,3668.0,02:04:04
,3669.0,02:04:52
,3670.0,02:05:53
,3671.0,02:06:34
,3672.0,02:07:33
,3673.0,02:07:51
,3674.0,02:09:29
,3675.0,02:10:23
,3676.0,02:11:06
,3677.0,02:11:33
,3678.0,02:12:12
,3679.0,02:13:12
,3680.0,02:14:13
,3681.0,02:14:57
,3682.0,02:15:37
,3683.0,02:15:57
,3684.0,02:16:23
,3685.0,02:18:04
,3686.0,02:18:37
,3687.0,02:19:20
,3688.0,02:20:28
,3689.0,02:21:11
,3690.0,00:00:20
,3691.0,00:06:16
,3692.0,00:06:48
,3693.0,00:10:17
,3694.0,00:11:06
,3695.0,00:12:50
,3696.0,00:14:38
,3697.0,00:16:41
,3698.0,00:18:38
,3699.0,00:20:26
,3700.0,00:20:52
,3701.0,00:21:41
,3702.0,00:24:09
,3703.0,00:27:43
,3704.0,00:28:01
,3705.0,00:28:25
,3706.0,00:29:00
,3707.0,00:29:51
,3708.0,00:30:15
,3709.0,00:30:45
,3710.0,00:32:05
,3711.0,00:32:52
,3712.0,00:34:25
,3713.0,00:35:04
,3714.0,00:35:31
,3715.0,00:36:58
,3716.0,00:38:47
,3717.0,00:39:04
,3718.0,00:39:34
,3719.0,00:40:35
,3720.0,00:43:58
,3721.0,00:45:16
,3722.0,00:46:34
,3723.0,00:46:51
,3724.0,00:47:19
,3725.0,00:47:44
,3726.0,00:48:21
,3727.0,00:51:28
,3728.0,00:52:16
,3729.0,00:53:34
,3730.0,00:54:47
,3731.0,00:57:59
,3732.0,01:01:32
,3733.0,01:02:26
,3734.0,01:05:06
,3735.0,01:08:10
,3736.0,01:11:32
,3737.0,01:11:52
,3738.0,01:12:26
,3739.0,01:12:55
,3740.0,01:15:33
,3741.0,01:15:56
,3742.0,01:16:20
,3743.0,01:17:38
,3744.0,01:21:43
,3745.0,01:23:24
,3746.0,01:25:20
,3747.0,01:25:50
,3748.0,01:26:24
,3749.0,01:28:56
,3750.0,01:34:02
,3751.0,01:34:28
,3752.0,01:35:40
,3753.0,01:38:47
,3754.0,01:39:21
,3755.0,01:41:03
,3756.0,01:46:12
,3757.0,01:46:53
,3758.0,01:48:54
,3759.0,01:49:53
,3760.0,01:50:58
,3761.0,01:52:26
,3762.0,01:54:01
,3763.0,01:54:28
,3764.0,01:56:38
,3765.0,01:57:23
,3766.0,01:58:24
,3767.0,01:58:59
,3768.0,01:59:49
,3769.0,02:00:17
,3770.0,02:02:40
,3771.0,02:03:20
,3772.0,02:03:49
,3773.0,02:04:12
,3774.0,02:05:29
,3775.0,02:08:50
,3776.0,02:10:18
,3777.0,02:10:51
,3778.0,02:11:41
,3779.0,02:13:32
,3780.0,02:14:33
,3781.0,02:15:28
,3782.0,02:16:16
,3783.0,02:16:49
,3784.0,02:17:31
,3785.0,02:19:14
,3786.0,02:19:32
,3787.0,02:21:50
,3788.0,02:22:15
,3789.0,02:22:54
,3790.0,02:23:27
,3791.0,02:24:16
,3792.0,02:25:58
,3793.0,02:26:40
,3794.0,02:27:10
,3795.0,02:29:54
,3796.0,02:30:23
,3797.0,02:30:53
,3798.0,02:33:50
,3799.0,02:34:20
,3800.0,02:34:50
,3801.0,02:36:07
,3802.0,02:36:37
,3803.0,02:37:41
,3804.0,02:40:54
,3805.0,02:41:16
,3806.0,02:41:53
,3807.0,02:42:12
,3808.0,02:42:32
,3809.0,02:43:15
,3810.0,02:43:39
,3811.0,02:44:03
,3812.0,02:44:22
,3813.0,02:44:52
,3814.0,02:45:08
,3815.0,02:46:16
,3816.0,02:47:36
,3817.0,02:48:45
,3818.0,02:49:06
,3819.0,02:49:33
,3820.0,02:50:02
,3821.0,02:52:42
,3822.0,02:54:42
,3823.0,02:57:19
,3824.0,02:58:02
,3825.0,00:00:19
,3826.0,00:00:44
,3827.0,00:01:14
,3828.0,00:03:41
,3829.0,00:04:11
,3830.0,00:05:57
,3831.0,00:06:26
,3832.0,00:07:13
,3833.0,00:09:07
,3834.0,00:10:04
,3835.0,00:11:56
,3836.0,00:14:03
,3837.0,00:14:32
,3838.0,00:15:34
,3839.0,00:16:48
,3840.0,00:17:35
,3841.0,00:20:12
,3842.0,00:21:09
,3843.0,00:21:54
,3844.0,00:22:33
,3845.0,00:24:00
,3846.0,00:27:04
,3847.0,00:27:26
,3848.0,00:28:02
,3849.0,00:28:42
,3850.0,00:29:46
,3851.0,00:30:41
,3852.0,00:31:31
,3853.0,00:33:25
,3854.0,00:34:03
,3855.0,00:34:47
,3856.0,00:37:15
,3857.0,00:37:41
,3858.0,00:38:52
,3859.0,00:39:12
,3860.0,00:39:53
,3861.0,00:40:47
,3862.0,00:41:22
,3863.0,00:43:01
,3864.0,00:43:48
,3865.0,00:45:59
,3866.0,00:49:34
,3867.0,00:51:26
,3868.0,00:51:42
,3869.0,00:53:58
,3870.0,00:54:49
,3871.0,00:55:40
,3872.0,00:56:38
,3873.0,00:57:54
,3874.0,00:58:52
,3875.0,01:01:18
,3876.0,01:03:08
,3877.0,01:05:05
,3878.0,01:05:45
,3879.0,01:09:27
,3880.0,01:09:58
,3881.0,01:10:33
,3882.0,01:12:51
,3883.0,01:15:24
,3884.0,01:18:08
,3885.0,01:18:31
,3886.0,01:23:03
,3887.0,01:23:40
,3888.0,01:24:03
,3889.0,01:25:14
,3890.0,01:26:02
,3891.0,01:26:32
,3892.0,01:27:12
,3893.0,01:27:42
,3894.0,01:29:28
,3895.0,01:29:45
,3896.0,01:31:41
,3897.0,01:32:28
,3898.0,01:33:47
,3899.0,01:34:34
,3900.0,01:34:54
,3901.0,01:36:35
,3902.0,01:37:01
,3903.0,01:39:30
,3904.0,01:45:09
,3905.0,01:45:36
,3906.0,01:46:48
,3907.0,01:47:20
,3908.0,01:47:42
,3909.0,01:50:03
,3910.0,01:51:38
,3911.0,01:53:10
,3912.0,01:54:16
,3913.0,01:55:05
,3914.0,01:55:29
,3915.0,01:55:57
,3916.0,01:57:43
,3917.0,01:58:39
,3918.0,01:59:10
,3919.0,01:59:36
,3920.0,02:03:03
,3921.0,02:05:15
,3922.0,02:05:47
,3923.0,02:06:32
,3924.0,02:08:18
,3925.0,02:08:59
,3926.0,02:12:34
,3927.0,02:12:49
,3928.0,02:13:55
,3929.0,02:14:23
,3930.0,00:00:31
,3931.0,00:01:38
,3932.0,00:02:39
,3933.0,00:03:03
,3934.0,00:05:15
,3935.0,00:05:35
,3936.0,00:08:34
,3937.0,00:11:50
,3938.0,00:14:50
,3939.0,00:15:12
,3940.0,00:16:37
,3941.0,00:17:32
,3942.0,00:19:13
,3943.0,00:19:52
,3944.0,00:22:48
,3945.0,00:23:10
,3946.0,00:24:13
,3947.0,00:25:14
,3948.0,00:26:07
,3949.0,00:27:44
,3950.0,00:28:07
,3951.0,00:30:31
,3952.0,00:33:23
,3953.0,00:34:23
,3954.0,00:34:51
,3955.0,00:36:41
,3956.0,00:37:13
,3957.0,00:38:04
,3958.0,00:39:46
,3959.0,00:42:40
,3960.0,00:44:20
,3961.0,00:47:10
,3962.0,00:49:06
,3963.0,00:50:22
,3964.0,00:51:50
,3965.0,00:52:57
,3966.0,00:53:25
,3967.0,00:54:43
,3968.0,00:55:28
,3969.0,00:56:52
,3970.0,00:58:21
,3971.0,00:59:23
,3972.0,01:02:22
,3973.0,01:03:56
,3974.0,01:05:32
,3975.0,01:05:49
,3976.0,01:08:03
,3977.0,01:08:45
,3978.0,01:09:50
,3979.0,01:10:25
,3980.0,01:11:35
,3981.0,01:17:26
,3982.0,01:18:27
,3983.0,01:19:03
,3984.0,01:22:26
,3985.0,01:23:46
,3986.0,01:24:20
,3987.0,01:24:55
,3988.0,01:25:24
,3989.0,01:27:20
,3990.0,01:29:42
,3991.0,01:31:27
,3992.0,01:32:31
,3993.0,01:33:30
,3994.0,01:34:39
,3995.0,01:35:16
,3996.0,01:35:53
,3997.0,01:39:14
,3998.0,01:40:07
,3999.0,01:40:40
,4000.0,01:41:31
,4001.0,01:42:17
,4002.0,01:43:12
,4003.0,01:43:59
,4004.0,01:44:52
,4005.0,01:45:31
,4006.0,01:46:31
,4007.0,01:47:15
,4008.0,01:50:24
,4009.0,01:52:50
,4010.0,01:53:36
,4011.0,01:54:03
,4012.0,01:57:44
,4013.0,01:58:53
,4014.0,01:59:47
,4015.0,02:01:10
,4016.0,02:03:44
,4017.0,02:04:20
,4018.0,02:05:33
,4019.0,02:06:31
,4020.0,02:07:56
,4021.0,02:08:54
,4022.0,02:10:08
,4023.0,02:11:23
,4024.0,02:12:02
,4025.0,02:16:54
,4026.0,02:17:28
,4027.0,02:18:01
,4028.0,02:19:35
,4029.0,02:20:17
,4030.0,02:20:41
,4031.0,02:21:24
,4032.0,02:22:36
,4033.0,02:23:09
,4034.0,02:23:47
,4035.0,02:28:47
,4036.0,02:29:12
,4037.0,02:29:46
,4038.0,02:30:45
,4039.0,02:31:42
,4040.0,02:32:16
,4041.0,02:32:43
,4042.0,02:33:00
,4043.0,02:35:19
,4044.0,02:36:10
,4045.0,02:36:32
,4046.0,02:36:58
,4047.0,02:37:43
,4048.0,02:39:37
,4049.0,02:39:58
,4050.0,02:41:50
,4051.0,02:42:37
,4052.0,02:43:13
,4053.0,02:43:51
,4054.0,02:44:17
,4055.0,02:45:00
,4056.0,02:45:29
,4057.0,02:46:03
,4058.0,02:47:00
,4059.0,02:47:30
,4060.0,00:00:27
,4061.0,00:02:36
,4062.0,00:04:23
,4063.0,00:05:26
,4064.0,00:06:13
,4065.0,00:06:53
,4066.0,00:07:34
,4067.0,00:08:28
,4068.0,00:09:10
,4069.0,00:09:48
,4070.0,00:13:40
,4071.0,00:15:05
,4072.0,00:15:55
,4073.0,00:17:19
,4074.0,00:17:53
,4075.0,00:21:13
,4076.0,00:21:40
,4077.0,00:22:27
,4078.0,00:23:44
,4079.0,00:24:23
,4080.0,00:25:08
,4081.0,00:25:50
,4082.0,00:26:53
,4083.0,00:27:51
,4084.0,00:28:40
,4085.0,00:30:29
,4086.0,00:31:06
,4087.0,00:31:50
,4088.0,00:32:11
,4089.0,00:32:36
,4090.0,00:33:48
,4091.0,00:34:24
,4092.0,00:35:23
,4093.0,00:39:55
,4094.0,00:40:17
,4095.0,00:42:23
,4096.0,00:43:24
,4097.0,00:47:46
,4098.0,00:48:14
,4099.0,00:51:00
,4100.0,00:55:53
,4101.0,00:56:26
,4102.0,00:57:07
,4103.0,00:58:34
,4104.0,00:59:25
,4105.0,01:01:49
,4106.0,01:02:44
,4107.0,01:03:30
,4108.0,01:04:16
,4109.0,01:04:33
,4110.0,01:05:30
,4111.0,01:07:37
,4112.0,01:09:33
,4113.0,01:09:55
,4114.0,01:11:01
,4115.0,01:15:04
,4116.0,01:16:32
,4117.0,01:16:55
,4118.0,01:18:05
,4119.0,01:19:50
,4120.0,01:23:17
,4121.0,01:24:27
,4122.0,01:24:45
,4123.0,01:27:03
,4124.0,01:27:33
,4125.0,01:32:39
,4126.0,01:36:19
,4127.0,01:37:10
,4128.0,01:38:18
,4129.0,01:38:55
,4130.0,01:41:11
,4131.0,01:42:59
,4132.0,01:43:31
,4133.0,01:43:53
,4134.0,01:44:47
,4135.0,01:45:16
,4136.0,01:46:00
,4137.0,01:46:27
,4138.0,01:48:42
,4139.0,01:49:13
,4140.0,00:02:00
,4141.0,00:02:33
,4142.0,00:03:22
,4143.0,00:04:53
,4144.0,00:05:50
,4145.0,00:06:37
,4146.0,00:08:04
,4147.0,00:08:31
,4148.0,00:08:55
,4149.0,00:10:14
,4150.0,00:10:53
,4151.0,00:12:57
,4152.0,00:13:36
,4153.0,00:14:29
,4154.0,00:15:15
,4155.0,00:17:21
,4156.0,00:18:23
,4157.0,00:19:02
,4158.0,00:19:56
,4159.0,00:20:24
,4160.0,00:21:16
,4161.0,00:22:35
,4162.0,00:23:36
,4163.0,00:25:17
,4164.0,00:27:30
,4165.0,00:28:30
,4166.0,00:29:16
,4167.0,00:31:22
,4168.0,00:32:39
,4169.0,00:36:43
,4170.0,00:38:38
,4171.0,00:39:11
,4172.0,00:40:03
,4173.0,00:42:45
,4174.0,00:44:34
,4175.0,00:46:46
,4176.0,00:47:30
,4177.0,00:48:37
,4178.0,00:49:29
,4179.0,00:51:08
,4180.0,00:54:26
,4181.0,00:55:04
,4182.0,00:55:46
,4183.0,00:56:30
,4184.0,00:58:53
,4185.0,00:59:15
,4186.0,01:01:44
,4187.0,01:02:51
,4188.0,01:04:13
,4189.0,01:05:14
,4190.0,01:06:17
,4191.0,01:07:59
,4192.0,01:08:34
,4193.0,01:09:32
,4194.0,01:10:09
,4195.0,01:10:42
,4196.0,01:11:25
,4197.0,01:12:09
,4198.0,01:14:11
,4199.0,01:15:15
,4200.0,01:16:16
,4201.0,01:17:18
,4202.0,01:18:12
,4203.0,01:18:57
,4204.0,01:19:41
,4205.0,01:20:22
,4206.0,01:21:16
,4207.0,01:22:07
,4208.0,01:23:47
,4209.0,01:24:23
,4210.0,01:27:39
,4211.0,01:29:02
,4212.0,01:31:48
,4213.0,01:33:17
,4214.0,01:33:53
,4215.0,01:35:04
,4216.0,01:37:20
,4217.0,01:37:46
,4218.0,01:38:14
,4219.0,01:41:30
,4220.0,01:42:18
,4221.0,01:43:06
,4222.0,01:43:33
,4223.0,01:44:01
,4224.0,01:44:31
,4225.0,01:45:34
,4226.0,01:48:13
,4227.0,01:49:01
,4228.0,01:49:40
,4229.0,01:51:51
,4230.0,01:52:20
,4231.0,01:52:48
,4232.0,01:56:00
,4233.0,01:57:39
,4234.0,01:58:09
,4235.0,01:58:54
,4236.0,01:59:24
,4237.0,02:02:32
,4238.0,02:03:04
,4239.0,02:03:43
,4240.0,02:04:29
,4241.0,02:05:14
,4242.0,02:07:14
,4243.0,02:08:35
,4244.0,02:09:02
,4245.0,02:10:11
,4246.0,02:11:11
,4247.0,02:12:05
,4248.0,02:12:30
,4249.0,02:15:04
,4250.0,02:16:56
,4251.0,02:17:38
,4252.0,02:19:00
,4253.0,02:19:41
,4254.0,02:20:13
,4255.0,02:22:19
,4256.0,02:24:43
,4257.0,02:25:34
,4258.0,02:26:49
,4259.0,02:27:33
,4260.0,02:28:32
,4261.0,02:30:25
,4262.0,02:32:00
,4263.0,02:34:06
,4264.0,02:34:57
,4265.0,02:35:32
,4266.0,02:35:58
,4267.0,02:37:32
,4268.0,02:38:35
,4269.0,02:39:16
,4270.0,02:42:26
,4271.0,02:44:09
,4272.0,02:46:22
,4273.0,02:47:29
,4274.0,00:01:19
,4275.0,00:02:17
,4276.0,00:03:02
,4277.0,00:03:38
,4278.0,00:06:03
,4279.0,00:08:02
,4280.0,00:09:22
,4281.0,00:10:57
,4282.0,00:11:29
,4283.0,00:13:23
,4284.0,00:14:24
,4285.0,00:17:03
,4286.0,00:20:15
,4287.0,00:20:38
,4288.0,00:21:15
,4289.0,00:22:36
,4290.0,00:24:11
,4291.0,00:25:28
,4292.0,00:25:57
,4293.0,00:29:37
,4294.0,00:30:55
,4295.0,00:32:28
,4296.0,00:33:11
,4297.0,00:33:55
,4298.0,00:36:28
,4299.0,00:37:34
,4300.0,00:38:07
,4301.0,00:38:34
,4302.0,00:40:32
,4303.0,00:41:29
,4304.0,00:42:10
,4305.0,00:44:16
,4306.0,00:46:38
,4307.0,00:48:01
,4308.0,00:52:06
,4309.0,00:52:49
,4310.0,00:53:31
,4311.0,00:54:08
,4312.0,00:57:17
,4313.0,00:59:14
,4314.0,01:00:04
,4315.0,01:01:00
,4316.0,01:02:27
,4317.0,01:03:48
,4318.0,01:05:42
,4319.0,01:06:42
,4320.0,01:08:08
,4321.0,01:09:18
,4322.0,01:14:39
,4323.0,01:16:02
,4324.0,01:16:45
,4325.0,01:17:34
,4326.0,01:18:29
,4327.0,01:21:22
,4328.0,01:23:20
,4329.0,01:26:03
,4330.0,01:26:31
,4331.0,01:28:01
,4332.0,01:28:26
,4333.0,01:29:17
,4334.0,01:32:06
,4335.0,01:32:50
,4336.0,01:33:21
,4337.0,01:35:06
,4338.0,01:37:19
,4339.0,01:39:23
,4340.0,01:41:28
,4341.0,01:45:02
,4342.0,01:45:46
,4343.0,01:47:38
,4344.0,01:48:37
,4345.0,01:49:07
,4346.0,01:49:43
,4347.0,01:50:45
,4348.0,01:51:49
,4349.0,01:52:29
,4350.0,01:53:15
,4351.0,01:54:58
,4352.0,01:57:02
,4353.0,01:58:15
,4354.0,01:59:06
,4355.0,02:02:01
,4356.0,02:04:02
,4357.0,02:04:40
,4358.0,02:06:14
,4359.0,02:10:13
,4360.0,02:10:37
,4361.0,02:11:49
,4362.0,02:12:32
,4363.0,02:13:21
,4364.0,02:14:16
,4365.0,02:14:54
,4366.0,02:16:00
,4367.0,02:20:07
,4368.0,02:21:37
,4369.0,02:23:42
,4370.0,02:24:29
,4371.0,02:26:35
,4372.0,02:28:31
,4373.0,02:29:41
,4374.0,02:30:22
,4375.0,02:30:52
,4376.0,02:31:32
,4377.0,02:32:34
,4378.0,02:33:15
,4379.0,02:34:44
,4380.0,02:35:17
,4381.0,02:36:24
,4382.0,02:39:29
,4383.0,02:41:01
,4384.0,02:42:05
,4385.0,02:42:38
,4386.0,02:43:11
,4387.0,02:46:35
,4388.0,02:47:01
,4389.0,02:48:55
,4390.0,02:54:24
,4391.0,02:55:41
,4392.0,02:56:03
,4393.0,02:57:04
,4394.0,02:57:28
,4395.0,02:58:24
,4396.0,03:06:09
,4397.0,03:07:16
,4398.0,03:08:31
,4399.0,03:09:09
,4400.0,03:10:06
,4401.0,03:11:45
,4402.0,03:12:16
,4403.0,03:13:16
,4404.0,03:14:05
,4405.0,03:14:43
,4406.0,03:15:18
,4407.0,03:16:06
,4408.0,03:17:19
,4409.0,03:18:16
,4410.0,03:19:10
,4411.0,03:19:56
,4412.0,03:21:39
,4413.0,03:22:27
,4414.0,03:23:33
,4415.0,03:25:30
,4416.0,03:26:14
,4417.0,03:26:55
,4418.0,03:27:55
,4419.0,03:28:35
,4420.0,03:29:38
,4421.0,03:30:20
,4422.0,03:31:20
,4423.0,03:32:08
,4424.0,03:33:46
,4425.0,03:34:49
,4426.0,03:35:30
,4427.0,03:37:46
,4428.0,03:38:20
,4429.0,03:41:07
,4430.0,03:41:33
,4431.0,03:42:14
,4432.0,03:42:43
,4433.0,03:43:42
,4434.0,03:44:35
,4435.0,03:45:09
,4436.0,03:45:38
,4437.0,03:46:36
,4438.0,03:47:00
,4439.0,03:49:35
,4440.0,03:50:02
,4441.0,03:50:56
,4442.0,03:51:26
,4443.0,03:53:13
,4444.0,03:53:55
,4445.0,03:57:58
,4446.0,03:59:07
,4447.0,03:59:51
,4448.0,04:00:47
,4449.0,04:01:49
,4450.0,04:02:19
,4451.0,04:02:47
,4452.0,04:04:31
,4453.0,04:06:36
,4454.0,04:07:12
,4455.0,04:08:33
,4456.0,04:09:19
,4457.0,04:10:25
,4458.0,04:11:15
,4459.0,04:12:24
,4460.0,04:13:06
,4461.0,04:13:38
,4462.0,04:14:55
,4463.0,04:15:28
,4464.0,04:16:05
,4465.0,04:18:35
,4466.0,04:19:02
,4467.0,04:20:10
,4468.0,04:20:49
,4469.0,04:21:35
,4470.0,04:22:15
,4471.0,04:23:53
,4472.0,04:24:40
,4473.0,04:25:26
,4474.0,04:25:55
,4475.0,04:26:37
,4476.0,04:27:39
,4477.0,04:27:54
,4478.0,04:28:40
,4479.0,04:29:22
,4480.0,04:29:59
,4481.0,04:30:59
,4482.0,04:32:45
,4483.0,04:33:13
,4484.0,04:33:51
,4485.0,04:34:38
,4486.0,04:35:05
,4487.0,04:35:50
,4488.0,04:36:18
,4489.0,04:36:44
,4490.0,04:37:13
,4491.0,04:37:38
,4492.0,04:39:31
,4493.0,04:39:58
,4494.0,04:40:43
,4495.0,04:41:20
,4496.0,04:41:52
,4497.0,04:42:27
Q12-p1_score,,
,1.0,0
,2.0,15
,3.0,40
,4.0,AD
,5.0,30
,6.0,1
,7.0,2
,8.0,3
,9.0,4
,10.0,5
,11.0,6
,12.0,7
,13.0,8
,14.0,9
Q13-p2_score,,
,1.0,0
,2.0,15
,3.0,30
,4.0,40
,5.0,AD
,6.0,1
,7.0,3
,8.0,4
,9.0,5
,10.0,6
,11.0,7
,12.0,2
,13.0,9
,14.0,10
Q25-winner_shot_type,,
,1.0,0
,2.0,F
,3.0,B
Q44-serve_width,,
,1.0,BC
,2.0,B
,3.0,BW
,4.0,W
,5.0,C
Q45-serve_depth,,
,1.0,NCTL
,2.0,CTL
Q46-return_depth,,
,1.0,ND
,2.0,D
